timestamp_ms,t_s,z_m,wake_label
1634328320206,0.0,0.018,0
1634328320406,0.2,0.017,0
1634328320606,0.4,0.017,0
1634328320806,0.6,0.018,0
1634328321006,0.8,0.023,0
1634328321206,1.0,0.028,0
1634328321406,1.2,0.031,0
1634328321606,1.4,0.027,0
1634328321806,1.6,0.016,0
1634328322006,1.8,0.001,0
1634328322206,2.0,-0.01,0
1634328322406,2.2,-0.012,0
1634328322606,2.4,-0.005,0
1634328322806,2.6,0.009,0
1634328323006,2.8,0.021,0
1634328323206,3.0,0.026,0
1634328323406,3.2,0.02,0
1634328323606,3.4,0.008,0
1634328323806,3.6,-0.006,0
1634328324006,3.8,-0.016,0
1634328324206,4.0,-0.019,0
1634328324406,4.2,-0.018,0
1634328324606,4.4,-0.015,0
1634328324806,4.6,-0.016,0
1634328325006,4.8,-0.019,0
1634328325206,5.0,-0.022,0
1634328325406,5.2,-0.021,0
1634328325606,5.4,-0.013,0
1634328325806,5.6,-0.003,0
1634328326006,5.8,0.004,0
1634328326206,6.0,0.001,0
1634328326406,6.2,-0.012,0
1634328326606,6.4,-0.029,0
1634328326806,6.6,-0.04,0
1634328327006,6.8,-0.039,0
1634328327206,7.0,-0.026,0
1634328327406,7.2,-0.011,0
1634328327606,7.4,-0.003,0
1634328327806,7.6,-0.006,0
1634328328006,7.8,-0.015,0
1634328328206,8.0,-0.024,0
1634328328406,8.2,-0.027,0
1634328328606,8.4,-0.021,0
1634328328806,8.6,-0.009,0
1634328329006,8.8,0.004,0
1634328329206,9.0,0.013,0
1634328329406,9.2,0.016,0
1634328329606,9.4,0.011,0
1634328329806,9.6,0.002,0
1634328330006,9.8,-0.006,0
1634328330206,10.0,-0.008,0
1634328330406,10.2,-0.005,0
1634328330606,10.4,0.001,0
1634328330806,10.6,0.005,0
1634328331006,10.8,0.008,0
1634328331206,11.0,0.01,0
1634328331406,11.2,0.01,0
1634328331606,11.4,0.009,0
1634328331806,11.6,0.008,0
1634328332006,11.8,0.005,0
1634328332206,12.0,0.004,0
1634328332406,12.2,0.004,0
1634328332606,12.4,0.004,0
1634328332806,12.6,0.004,0
1634328333006,12.8,0.002,0
1634328333206,13.0,-0.001,0
1634328333406,13.2,-0.003,0
1634328333606,13.4,-0.004,0
1634328333806,13.6,-0.002,0
1634328334006,13.8,0.001,0
1634328334206,14.0,0.003,0
1634328334406,14.2,0.002,0
1634328334606,14.4,-0.003,0
1634328334806,14.6,-0.007,0
1634328335006,14.8,-0.008,0
1634328335206,15.0,-0.003,0
1634328335406,15.2,0.005,0
1634328335606,15.4,0.012,0
1634328335806,15.6,0.011,0
1634328336006,15.8,0.002,0
1634328336206,16.0,-0.011,0
1634328336406,16.2,-0.019,0
1634328336606,16.4,-0.017,0
1634328336806,16.6,-0.004,0
1634328337006,16.8,0.013,0
1634328337206,17.0,0.024,0
1634328337406,17.2,0.026,0
1634328337606,17.4,0.016,0
1634328337806,17.6,0.002,0
1634328338006,17.8,-0.008,0
1634328338206,18.0,-0.01,0
1634328338406,18.2,-0.004,0
1634328338606,18.4,0.006,0
1634328338806,18.6,0.013,0
1634328339006,18.8,0.016,0
1634328339206,19.0,0.015,0
1634328339406,19.2,0.011,0
1634328339606,19.4,0.008,0
1634328339806,19.6,0.006,0
1634328340006,19.8,0.006,0
1634328340206,20.0,0.008,0
1634328340406,20.2,0.009,0
1634328340606,20.4,0.01,0
1634328340806,20.6,0.01,0
1634328341006,20.8,0.01,0
1634328341206,21.0,0.01,0
1634328341406,21.2,0.01,0
1634328341606,21.4,0.011,0
1634328341806,21.6,0.011,0
1634328342006,21.8,0.011,0
1634328342206,22.0,0.011,0
1634328342406,22.2,0.01,0
1634328342606,22.4,0.009,0
1634328342806,22.6,0.007,0
1634328343006,22.8,0.002,0
1634328343206,23.0,-0.002,0
1634328343406,23.2,-0.003,0
1634328343606,23.4,-0.001,0
1634328343806,23.6,0.005,0
1634328344006,23.8,0.011,0
1634328344206,24.0,0.013,0
1634328344406,24.2,0.008,0
1634328344606,24.4,-0.002,0
1634328344806,24.6,-0.014,0
1634328345006,24.8,-0.02,0
1634328345206,25.0,-0.018,0
1634328345406,25.2,-0.009,0
1634328345606,25.4,-0.001,0
1634328345806,25.6,0.003,0
1634328346006,25.8,-0.0,0
1634328346206,26.0,-0.007,0
1634328346406,26.2,-0.013,0
1634328346606,26.4,-0.017,0
1634328346806,26.6,-0.018,0
1634328347006,26.8,-0.017,0
1634328347206,27.0,-0.017,0
1634328347406,27.2,-0.017,0
1634328347606,27.4,-0.017,0
1634328347806,27.6,-0.019,0
1634328348006,27.8,-0.022,0
1634328348206,28.0,-0.026,0
1634328348406,28.2,-0.028,0
1634328348606,28.4,-0.025,0
1634328348806,28.6,-0.02,0
1634328349006,28.8,-0.012,0
1634328349206,29.0,-0.006,0
1634328349406,29.2,-0.004,0
1634328349606,29.4,-0.007,0
1634328349806,29.6,-0.012,0
1634328350006,29.8,-0.017,0
1634328350206,30.0,-0.018,0
1634328350406,30.2,-0.014,0
1634328350606,30.4,-0.006,0
1634328350806,30.6,0.004,0
1634328351006,30.8,0.012,0
1634328351206,31.0,0.016,0
1634328351406,31.2,0.015,0
1634328351606,31.4,0.01,0
1634328351806,31.6,0.006,0
1634328352006,31.8,0.004,0
1634328352206,32.0,0.006,0
1634328352406,32.2,0.01,0
1634328352606,32.4,0.014,0
1634328352806,32.6,0.016,0
1634328353006,32.8,0.017,0
1634328353206,33.0,0.018,0
1634328353406,33.2,0.018,0
1634328353606,33.4,0.017,0
1634328353806,33.6,0.013,0
1634328354006,33.8,0.007,0
1634328354206,34.0,0.001,0
1634328354406,34.2,-0.001,0
1634328354606,34.4,-0.002,0
1634328354806,34.6,-0.001,0
1634328355006,34.8,-0.003,0
1634328355206,35.0,-0.005,0
1634328355406,35.2,-0.006,0
1634328355606,35.4,-0.006,0
1634328355806,35.6,-0.004,0
1634328356006,35.8,-0.003,0
1634328356206,36.0,-0.003,0
1634328356406,36.2,-0.005,0
1634328356606,36.4,-0.008,0
1634328356806,36.6,-0.008,0
1634328357006,36.8,-0.006,0
1634328357206,37.0,-0.0,0
1634328357406,37.2,0.007,0
1634328357606,37.4,0.011,0
1634328357806,37.6,0.013,0
1634328358006,37.8,0.011,0
1634328358206,38.0,0.008,0
1634328358406,38.2,0.006,0
1634328358606,38.4,0.005,0
1634328358806,38.6,0.005,0
1634328359006,38.8,0.004,0
1634328359206,39.0,0.004,0
1634328359406,39.2,0.005,0
1634328359606,39.4,0.006,0
1634328359806,39.6,0.009,0
1634328360006,39.8,0.012,0
1634328360206,40.0,0.014,0
1634328360406,40.2,0.013,0
1634328360606,40.4,0.008,0
1634328360806,40.6,0.002,0
1634328361006,40.8,-0.004,0
1634328361206,41.0,-0.006,0
1634328361406,41.2,-0.004,0
1634328361606,41.4,0.002,0
1634328361806,41.6,0.008,0
1634328362006,41.8,0.013,0
1634328362206,42.0,0.016,0
1634328362406,42.2,0.018,0
1634328362606,42.4,0.017,0
1634328362806,42.6,0.015,0
1634328363006,42.8,0.01,0
1634328363206,43.0,0.007,0
1634328363406,43.2,0.008,0
1634328363606,43.4,0.013,0
1634328363806,43.6,0.02,0
1634328364006,43.8,0.021,0
1634328364206,44.0,0.014,0
1634328364406,44.2,0.002,0
1634328364606,44.4,-0.009,0
1634328364806,44.6,-0.013,0
1634328365006,44.8,-0.01,0
1634328365206,45.0,-0.005,0
1634328365406,45.2,-0.003,0
1634328365606,45.4,-0.008,0
1634328365806,45.6,-0.016,0
1634328366006,45.8,-0.024,0
1634328366206,46.0,-0.026,0
1634328366406,46.2,-0.023,0
1634328366606,46.4,-0.02,0
1634328366806,46.6,-0.018,0
1634328367006,46.8,-0.019,0
1634328367206,47.0,-0.021,0
1634328367406,47.2,-0.021,0
1634328367606,47.4,-0.018,0
1634328367806,47.6,-0.013,0
1634328368006,47.8,-0.01,0
1634328368206,48.0,-0.011,0
1634328368406,48.2,-0.015,0
1634328368606,48.4,-0.017,0
1634328368806,48.6,-0.017,0
1634328369006,48.8,-0.014,0
1634328369206,49.0,-0.011,0
1634328369406,49.2,-0.012,0
1634328369606,49.4,-0.016,0
1634328369806,49.6,-0.019,0
1634328370006,49.8,-0.016,0
1634328370206,50.0,-0.007,0
1634328370406,50.2,0.006,0
1634328370606,50.4,0.016,0
1634328370806,50.6,0.02,0
1634328371006,50.8,0.017,0
1634328371206,51.0,0.012,0
1634328371406,51.2,0.006,0
1634328371606,51.4,0.003,0
1634328371806,51.6,0.002,0
1634328372006,51.8,0.002,0
1634328372206,52.0,0.001,0
1634328372406,52.2,0.001,0
1634328372606,52.4,0.001,0
1634328372806,52.6,0.001,0
1634328373006,52.8,0.002,0
1634328373206,53.0,0.003,0
1634328373406,53.2,0.006,0
1634328373606,53.4,0.008,0
1634328373806,53.6,0.007,0
1634328374006,53.8,0.003,0
1634328374206,54.0,-0.003,0
1634328374406,54.2,-0.008,0
1634328374606,54.4,-0.008,0
1634328374806,54.6,-0.004,0
1634328375006,54.8,0.002,0
1634328375206,55.0,0.005,0
1634328375406,55.2,0.003,0
1634328375606,55.4,-0.002,0
1634328375806,55.6,-0.006,0
1634328376006,55.8,-0.004,0
1634328376206,56.0,0.003,0
1634328376406,56.2,0.015,0
1634328376606,56.4,0.025,0
1634328376806,56.6,0.028,0
1634328377006,56.8,0.023,0
1634328377206,57.0,0.014,0
1634328377406,57.2,0.006,0
1634328377606,57.4,0.004,0
1634328377806,57.6,0.008,0
1634328378006,57.8,0.011,0
1634328378206,58.0,0.011,0
1634328378406,58.2,0.008,0
1634328378606,58.4,0.004,0
1634328378806,58.6,0.003,0
1634328379006,58.8,0.005,0
1634328379206,59.0,0.006,0
1634328379406,59.2,0.002,0
1634328379606,59.4,-0.006,0
1634328379806,59.6,-0.015,0
1634328380006,59.8,-0.019,0
1634328380206,60.0,-0.017,0
1634328380406,60.2,-0.009,0
1634328380606,60.4,0.001,0
1634328380806,60.6,0.013,0
1634328381006,60.8,0.024,0
1634328381206,61.0,0.032,0
1634328381406,61.2,0.033,0
1634328381606,61.4,0.024,0
1634328381806,61.6,0.006,0
1634328382006,61.8,-0.013,0
1634328382206,62.0,-0.024,0
1634328382406,62.2,-0.022,0
1634328382606,62.4,-0.009,0
1634328382806,62.6,0.009,0
1634328383006,62.8,0.022,0
1634328383206,63.0,0.024,0
1634328383406,63.2,0.017,0
1634328383606,63.4,0.005,0
1634328383806,63.6,-0.003,0
1634328384006,63.8,-0.006,0
1634328384206,64.0,-0.004,0
1634328384406,64.2,-0.001,0
1634328384606,64.4,0.001,0
1634328384806,64.6,-0.0,0
1634328385006,64.8,-0.002,0
1634328385206,65.0,-0.002,0
1634328385406,65.2,0.0,0
1634328385606,65.4,0.005,0
1634328385806,65.6,0.007,0
1634328386006,65.8,0.006,0
1634328386206,66.0,0.001,0
1634328386406,66.2,-0.008,0
1634328386606,66.4,-0.017,0
1634328386806,66.6,-0.025,0
1634328387006,66.8,-0.028,0
1634328387206,67.0,-0.026,0
1634328387406,67.2,-0.021,0
1634328387606,67.4,-0.014,0
1634328387806,67.6,-0.007,0
1634328388006,67.8,-0.002,0
1634328388206,68.0,0.001,0
1634328388406,68.2,-0.001,0
1634328388606,68.4,-0.007,0
1634328388806,68.6,-0.014,0
1634328389006,68.8,-0.021,0
1634328389206,69.0,-0.023,0
1634328389406,69.2,-0.019,0
1634328389606,69.4,-0.01,0
1634328389806,69.6,0.001,0
1634328390006,69.8,0.007,0
1634328390206,70.0,0.006,0
1634328390406,70.2,-0.002,0
1634328390606,70.4,-0.014,0
1634328390806,70.6,-0.023,0
1634328391006,70.8,-0.024,0
1634328391206,71.0,-0.018,0
1634328391406,71.2,-0.01,0
1634328391606,71.4,-0.005,0
1634328391806,71.6,-0.006,0
1634328392006,71.8,-0.01,0
1634328392206,72.0,-0.012,0
1634328392406,72.2,-0.01,0
1634328392606,72.4,-0.004,0
1634328392806,72.6,0.002,0
1634328393006,72.8,0.005,0
1634328393206,73.0,0.007,0
1634328393406,73.2,0.006,0
1634328393606,73.4,0.007,0
1634328393806,73.6,0.01,0
1634328394006,73.8,0.014,0
1634328394206,74.0,0.019,0
1634328394406,74.2,0.022,0
1634328394606,74.4,0.022,0
1634328394806,74.6,0.018,0
1634328395006,74.8,0.012,0
1634328395206,75.0,0.008,0
1634328395406,75.2,0.008,0
1634328395606,75.4,0.012,0
1634328395806,75.6,0.017,0
1634328396006,75.8,0.018,0
1634328396206,76.0,0.015,0
1634328396406,76.2,0.006,0
1634328396606,76.4,-0.004,0
1634328396806,76.6,-0.011,0
1634328397006,76.8,-0.012,0
1634328397206,77.0,-0.009,0
1634328397406,77.2,-0.002,0
1634328397606,77.4,0.005,0
1634328397806,77.6,0.01,0
1634328398006,77.8,0.013,0
1634328398206,78.0,0.014,0
1634328398406,78.2,0.013,0
1634328398606,78.4,0.011,0
1634328398806,78.6,0.009,0
1634328399006,78.8,0.009,0
1634328399206,79.0,0.012,0
1634328399406,79.2,0.018,0
1634328399606,79.4,0.022,0
1634328399806,79.6,0.019,0
1634328400006,79.8,0.01,0
1634328400206,80.0,-0.001,0
1634328400406,80.2,-0.009,0
1634328400606,80.4,-0.01,0
1634328400806,80.6,-0.007,0
1634328401006,80.8,-0.002,0
1634328401206,81.0,-0.001,0
1634328401406,81.2,-0.002,0
1634328401606,81.4,-0.004,0
1634328401806,81.6,-0.007,0
1634328402006,81.8,-0.009,0
1634328402206,82.0,-0.011,0
1634328402406,82.2,-0.013,0
1634328402606,82.4,-0.012,0
1634328402806,82.6,-0.007,0
1634328403006,82.8,-0.002,0
1634328403206,83.0,0.003,0
1634328403406,83.2,0.004,0
1634328403606,83.4,0.002,0
1634328403806,83.6,0.001,0
1634328404006,83.8,0.002,0
1634328404206,84.0,0.006,0
1634328404406,84.2,0.01,0
1634328404606,84.4,0.009,0
1634328404806,84.6,0.004,0
1634328405006,84.8,-0.003,0
1634328405206,85.0,-0.006,0
1634328405406,85.2,-0.004,0
1634328405606,85.4,0.003,0
1634328405806,85.6,0.009,0
1634328406006,85.8,0.012,0
1634328406206,86.0,0.009,0
1634328406406,86.2,0.004,0
1634328406606,86.4,0.001,0
1634328406806,86.6,0.001,0
1634328407006,86.8,0.005,0
1634328407206,87.0,0.008,0
1634328407406,87.2,0.008,0
1634328407606,87.4,0.003,0
1634328407806,87.6,-0.004,0
1634328408006,87.8,-0.01,0
1634328408206,88.0,-0.012,0
1634328408406,88.2,-0.009,0
1634328408606,88.4,-0.006,0
1634328408806,88.6,-0.007,0
1634328409006,88.8,-0.014,0
1634328409206,89.0,-0.025,0
1634328409406,89.2,-0.033,0
1634328409606,89.4,-0.033,0
1634328409806,89.6,-0.029,0
1634328410006,89.8,-0.023,0
1634328410206,90.0,-0.022,0
1634328410406,90.2,-0.025,0
1634328410606,90.4,-0.028,0
1634328410806,90.6,-0.031,0
1634328411006,90.8,-0.031,0
1634328411206,91.0,-0.029,0
1634328411406,91.2,-0.025,0
1634328411606,91.4,-0.018,0
1634328411806,91.6,-0.008,0
1634328412006,91.8,0.001,0
1634328412206,92.0,0.007,0
1634328412406,92.2,0.008,0
1634328412606,92.4,0.007,0
1634328412806,92.6,0.009,0
1634328413006,92.8,0.016,0
1634328413206,93.0,0.024,0
1634328413406,93.2,0.026,0
1634328413606,93.4,0.02,0
1634328413806,93.6,0.008,0
1634328414006,93.8,-0.001,0
1634328414206,94.0,-0.0,0
1634328414406,94.2,0.011,0
1634328414606,94.4,0.025,0
1634328414806,94.6,0.035,0
1634328415006,94.8,0.033,0
1634328415206,95.0,0.023,0
1634328415406,95.2,0.01,0
1634328415606,95.4,0.001,0
1634328415806,95.6,-0.001,0
1634328416006,95.8,0.001,0
1634328416206,96.0,0.005,0
1634328416406,96.2,0.01,0
1634328416606,96.4,0.012,0
1634328416806,96.6,0.014,0
1634328417006,96.8,0.013,0
1634328417206,97.0,0.012,0
1634328417406,97.2,0.01,0
1634328417606,97.4,0.009,0
1634328417806,97.6,0.009,0
1634328418006,97.8,0.01,0
1634328418206,98.0,0.009,0
1634328418406,98.2,0.007,0
1634328418606,98.4,0.004,0
1634328418806,98.6,0.002,0
1634328419006,98.8,-0.001,0
1634328419206,99.0,-0.004,0
1634328419406,99.2,-0.009,0
1634328419606,99.4,-0.013,0
1634328419806,99.6,-0.015,0
1634328420006,99.8,-0.013,0
1634328420206,100.0,-0.008,0
1634328420406,100.2,-0.001,0
1634328420606,100.4,0.004,0
1634328420806,100.6,0.005,0
1634328421006,100.8,0.001,0
1634328421206,101.0,-0.005,0
1634328421406,101.2,-0.008,0
1634328421606,101.4,-0.003,0
1634328421806,101.6,0.008,0
1634328422006,101.8,0.02,0
1634328422206,102.0,0.025,0
1634328422406,102.2,0.02,0
1634328422606,102.4,0.008,0
1634328422806,102.6,-0.005,0
1634328423006,102.8,-0.011,0
1634328423206,103.0,-0.009,0
1634328423406,103.2,-0.001,0
1634328423606,103.4,0.007,0
1634328423806,103.6,0.008,0
1634328424006,103.8,0.005,0
1634328424206,104.0,0.0,0
1634328424406,104.2,-0.001,0
1634328424606,104.4,0.004,0
1634328424806,104.6,0.01,0
1634328425006,104.8,0.013,0
1634328425206,105.0,0.008,0
1634328425406,105.2,-0.002,0
1634328425606,105.4,-0.013,0
1634328425806,105.6,-0.018,0
1634328426006,105.8,-0.014,0
1634328426206,106.0,-0.006,0
1634328426406,106.2,0.002,0
1634328426606,106.4,0.004,0
1634328426806,106.6,0.002,0
1634328427006,106.8,-0.002,0
1634328427206,107.0,-0.004,0
1634328427406,107.2,-0.006,0
1634328427606,107.4,-0.007,0
1634328427806,107.6,-0.01,0
1634328428006,107.8,-0.014,0
1634328428206,108.0,-0.018,0
1634328428406,108.2,-0.019,0
1634328428606,108.4,-0.019,0
1634328428806,108.6,-0.018,0
1634328429006,108.8,-0.017,0
1634328429206,109.0,-0.013,0
1634328429406,109.2,-0.008,0
1634328429606,109.4,-0.002,0
1634328429806,109.6,0.001,0
1634328430006,109.8,-0.004,0
1634328430206,110.0,-0.013,0
1634328430406,110.2,-0.023,0
1634328430606,110.4,-0.026,0
1634328430806,110.6,-0.019,0
1634328431006,110.8,-0.008,0
1634328431206,111.0,0.002,0
1634328431406,111.2,0.006,0
1634328431606,111.4,0.002,0
1634328431806,111.6,-0.004,0
1634328432006,111.8,-0.01,0
1634328432206,112.0,-0.012,0
1634328432406,112.2,-0.011,0
1634328432606,112.4,-0.008,0
1634328432806,112.6,-0.004,0
1634328433006,112.8,-0.002,0
1634328433206,113.0,-0.004,0
1634328433406,113.2,-0.008,0
1634328433606,113.4,-0.01,0
1634328433806,113.6,-0.005,0
1634328434006,113.8,0.008,0
1634328434206,114.0,0.025,0
1634328434406,114.2,0.036,0
1634328434606,114.4,0.036,0
1634328434806,114.6,0.025,0
1634328435006,114.8,0.01,0
1634328435206,115.0,-0.001,0
1634328435406,115.2,-0.004,0
1634328435606,115.4,0.0,0
1634328435806,115.6,0.008,0
1634328436006,115.8,0.014,0
1634328436206,116.0,0.017,0
1634328436406,116.2,0.015,0
1634328436606,116.4,0.011,0
1634328436806,116.6,0.008,0
1634328437006,116.8,0.007,0
1634328437206,117.0,0.008,0
1634328437406,117.2,0.007,0
1634328437606,117.4,0.003,0
1634328437806,117.6,-0.003,0
1634328438006,117.8,-0.008,0
1634328438206,118.0,-0.007,0
1634328438406,118.2,0.001,0
1634328438606,118.4,0.014,0
1634328438806,118.6,0.026,0
1634328439006,118.8,0.033,0
1634328439206,119.0,0.029,0
1634328439406,119.2,0.018,0
1634328439606,119.4,0.005,0
1634328439806,119.6,-0.004,0
1634328440006,119.8,-0.004,0
1634328440206,120.0,0.001,0
1634328440406,120.2,0.007,0
1634328440606,120.4,0.008,0
1634328440806,120.6,0.003,0
1634328441006,120.8,-0.005,0
1634328441206,121.0,-0.01,0
1634328441406,121.2,-0.009,0
1634328441606,121.4,-0.003,0
1634328441806,121.6,0.003,0
1634328442006,121.8,0.006,0
1634328442206,122.0,0.002,0
1634328442406,122.2,-0.006,0
1634328442606,122.4,-0.014,0
1634328442806,122.6,-0.016,0
1634328443006,122.8,-0.009,0
1634328443206,123.0,0.003,0
1634328443406,123.2,0.013,0
1634328443606,123.4,0.014,0
1634328443806,123.6,0.007,0
1634328444006,123.8,-0.002,0
1634328444206,124.0,-0.007,0
1634328444406,124.2,-0.002,0
1634328444606,124.4,0.007,0
1634328444806,124.6,0.014,0
1634328445006,124.8,0.013,0
1634328445206,125.0,0.004,0
1634328445406,125.2,-0.007,0
1634328445606,125.4,-0.014,0
1634328445806,125.6,-0.016,0
1634328446006,125.8,-0.013,0
1634328446206,126.0,-0.009,0
1634328446406,126.2,-0.007,0
1634328446606,126.4,-0.008,0
1634328446806,126.6,-0.012,0
1634328447006,126.8,-0.016,0
1634328447206,127.0,-0.018,0
1634328447406,127.2,-0.016,0
1634328447606,127.4,-0.011,0
1634328447806,127.6,-0.004,0
1634328448006,127.8,-0.001,0
1634328448206,128.0,-0.001,0
1634328448406,128.2,-0.006,0
1634328448606,128.4,-0.01,0
1634328448806,128.6,-0.012,0
1634328449006,128.8,-0.009,0
1634328449206,129.0,-0.003,0
1634328449406,129.2,0.004,0
1634328449606,129.4,0.007,0
1634328449806,129.6,0.008,0
1634328450006,129.8,0.005,0
1634328450206,130.0,0.0,0
1634328450406,130.2,-0.003,0
1634328450606,130.4,-0.004,0
1634328450806,130.6,-0.002,0
1634328451006,130.8,-0.001,0
1634328451206,131.0,-0.004,0
1634328451406,131.2,-0.01,0
1634328451606,131.4,-0.019,0
1634328451806,131.6,-0.026,0
1634328452006,131.8,-0.028,0
1634328452206,132.0,-0.025,0
1634328452406,132.2,-0.02,0
1634328452606,132.4,-0.015,0
1634328452806,132.6,-0.008,0
1634328453006,132.8,0.001,0
1634328453206,133.0,0.011,0
1634328453406,133.2,0.017,0
1634328453606,133.4,0.015,0
1634328453806,133.6,0.006,0
1634328454006,133.8,-0.004,0
1634328454206,134.0,-0.009,0
1634328454406,134.2,-0.004,0
1634328454606,134.4,0.006,0
1634328454806,134.6,0.014,0
1634328455006,134.8,0.015,0
1634328455206,135.0,0.01,0
1634328455406,135.2,0.002,0
1634328455606,135.4,-0.004,0
1634328455806,135.6,-0.005,0
1634328456006,135.8,-0.002,0
1634328456206,136.0,0.004,0
1634328456406,136.2,0.01,0
1634328456606,136.4,0.015,0
1634328456806,136.6,0.016,0
1634328457006,136.8,0.016,0
1634328457206,137.0,0.014,0
1634328457406,137.2,0.014,0
1634328457606,137.4,0.018,0
1634328457806,137.6,0.024,0
1634328458006,137.8,0.027,0
1634328458206,138.0,0.026,0
1634328458406,138.2,0.02,0
1634328458606,138.4,0.013,0
1634328458806,138.6,0.009,0
1634328459006,138.8,0.008,0
1634328459206,139.0,0.006,0
1634328459406,139.2,0.003,0
1634328459606,139.4,-0.002,0
1634328459806,139.6,-0.005,0
1634328460006,139.8,-0.005,0
1634328460206,140.0,-0.003,0
1634328460406,140.2,-0.0,0
1634328460606,140.4,0.002,0
1634328460806,140.6,0.004,0
1634328461006,140.8,0.006,0
1634328461206,141.0,0.008,0
1634328461406,141.2,0.009,0
1634328461606,141.4,0.009,0
1634328461806,141.6,0.01,0
1634328462006,141.8,0.011,0
1634328462206,142.0,0.012,0
1634328462406,142.2,0.009,0
1634328462606,142.4,0.003,0
1634328462806,142.6,-0.004,0
1634328463006,142.8,-0.006,0
1634328463206,143.0,-0.003,0
1634328463406,143.2,0.001,0
1634328463606,143.4,0.002,0
1634328463806,143.6,-0.004,0
1634328464006,143.8,-0.013,0
1634328464206,144.0,-0.021,0
1634328464406,144.2,-0.025,0
1634328464606,144.4,-0.025,0
1634328464806,144.6,-0.023,0
1634328465006,144.8,-0.02,0
1634328465206,145.0,-0.015,0
1634328465406,145.2,-0.011,0
1634328465606,145.4,-0.007,0
1634328465806,145.6,-0.005,0
1634328466006,145.8,-0.004,0
1634328466206,146.0,-0.004,0
1634328466406,146.2,-0.004,0
1634328466606,146.4,-0.003,0
1634328466806,146.6,-0.002,0
1634328467006,146.8,0.0,0
1634328467206,147.0,0.004,0
1634328467406,147.2,0.007,0
1634328467606,147.4,0.009,0
1634328467806,147.6,0.007,0
1634328468006,147.8,0.003,0
1634328468206,148.0,-0.001,0
1634328468406,148.2,-0.003,0
1634328468606,148.4,-0.004,0
1634328468806,148.6,-0.005,0
1634328469006,148.8,-0.006,0
1634328469206,149.0,-0.008,0
1634328469406,149.2,-0.008,0
1634328469606,149.4,-0.006,0
1634328469806,149.6,-0.003,0
1634328470006,149.8,-0.002,0
1634328470206,150.0,-0.003,0
1634328470406,150.2,-0.006,0
1634328470606,150.4,-0.01,0
1634328470806,150.6,-0.012,0
1634328471006,150.8,-0.011,0
1634328471206,151.0,-0.006,0
1634328471406,151.2,0.001,0
1634328471606,151.4,0.007,0
1634328471806,151.6,0.007,0
1634328472006,151.8,0.0,0
1634328472206,152.0,-0.009,0
1634328472406,152.2,-0.017,0
1634328472606,152.4,-0.019,0
1634328472806,152.6,-0.017,0
1634328473006,152.8,-0.014,0
1634328473206,153.0,-0.015,0
1634328473406,153.2,-0.017,0
1634328473606,153.4,-0.019,0
1634328473806,153.6,-0.016,0
1634328474006,153.8,-0.009,0
1634328474206,154.0,-0.002,0
1634328474406,154.2,0.005,0
1634328474606,154.4,0.011,0
1634328474806,154.6,0.016,0
1634328475006,154.8,0.019,0
1634328475206,155.0,0.016,0
1634328475406,155.2,0.01,0
1634328475606,155.4,0.003,0
1634328475806,155.6,0.001,0
1634328476006,155.8,0.005,0
1634328476206,156.0,0.012,0
1634328476406,156.2,0.018,0
1634328476606,156.4,0.022,0
1634328476806,156.6,0.023,0
1634328477006,156.8,0.022,0
1634328477206,157.0,0.021,0
1634328477406,157.2,0.018,0
1634328477606,157.4,0.015,0
1634328477806,157.6,0.012,0
1634328478006,157.8,0.011,0
1634328478206,158.0,0.009,0
1634328478406,158.2,0.007,0
1634328478606,158.4,0.004,0
1634328478806,158.6,0.005,0
1634328479006,158.8,0.007,0
1634328479206,159.0,0.01,0
1634328479406,159.2,0.008,0
1634328479606,159.4,0.002,0
1634328479806,159.6,-0.004,0
1634328480006,159.8,-0.006,0
1634328480206,160.0,-0.003,0
1634328480406,160.2,0.001,0
1634328480606,160.4,0.005,0
1634328480806,160.6,0.006,0
1634328481006,160.8,0.01,0
1634328481206,161.0,0.016,0
1634328481406,161.2,0.02,0
1634328481606,161.4,0.018,0
1634328481806,161.6,0.01,0
1634328482006,161.8,-0.0,0
1634328482206,162.0,-0.007,0
1634328482406,162.2,-0.008,0
1634328482606,162.4,-0.003,0
1634328482806,162.6,0.003,0
1634328483006,162.8,0.009,0
1634328483206,163.0,0.012,0
1634328483406,163.2,0.009,0
1634328483606,163.4,0.001,0
1634328483806,163.6,-0.011,0
1634328484006,163.8,-0.021,0
1634328484206,164.0,-0.024,0
1634328484406,164.2,-0.023,0
1634328484606,164.4,-0.02,0
1634328484806,164.6,-0.017,0
1634328485006,164.8,-0.013,0
1634328485206,165.0,-0.007,0
1634328485406,165.2,0.001,0
1634328485606,165.4,0.007,0
1634328485806,165.6,0.008,0
1634328486006,165.8,0.004,0
1634328486206,166.0,-0.001,0
1634328486406,166.2,-0.003,0
1634328486606,166.4,-0.005,0
1634328486806,166.6,-0.007,0
1634328487006,166.8,-0.012,0
1634328487206,167.0,-0.016,0
1634328487406,167.2,-0.018,0
1634328487606,167.4,-0.017,0
1634328487806,167.6,-0.013,0
1634328488006,167.8,-0.009,0
1634328488206,168.0,-0.005,0
1634328488406,168.2,-0.003,0
1634328488606,168.4,-0.004,0
1634328488806,168.6,-0.008,0
1634328489006,168.8,-0.013,0
1634328489206,169.0,-0.016,0
1634328489406,169.2,-0.014,0
1634328489606,169.4,-0.007,0
1634328489806,169.6,0.001,0
1634328490006,169.8,0.008,0
1634328490206,170.0,0.011,0
1634328490406,170.2,0.01,0
1634328490606,170.4,0.007,0
1634328490806,170.6,0.002,0
1634328491006,170.8,-0.001,0
1634328491206,171.0,-0.001,0
1634328491406,171.2,0.001,0
1634328491606,171.4,0.004,0
1634328491806,171.6,0.004,0
1634328492006,171.8,0.001,0
1634328492206,172.0,-0.005,0
1634328492406,172.2,-0.011,0
1634328492606,172.4,-0.016,0
1634328492806,172.6,-0.017,0
1634328493006,172.8,-0.014,0
1634328493206,173.0,-0.006,0
1634328493406,173.2,0.002,0
1634328493606,173.4,0.008,0
1634328493806,173.6,0.008,0
1634328494006,173.8,0.002,0
1634328494206,174.0,-0.008,0
1634328494406,174.2,-0.014,0
1634328494606,174.4,-0.015,0
1634328494806,174.6,-0.011,0
1634328495006,174.8,-0.003,0
1634328495206,175.0,0.005,0
1634328495406,175.2,0.01,0
1634328495606,175.4,0.011,0
1634328495806,175.6,0.008,0
1634328496006,175.8,0.006,0
1634328496206,176.0,0.006,0
1634328496406,176.2,0.011,0
1634328496606,176.4,0.015,0
1634328496806,176.6,0.014,0
1634328497006,176.8,0.009,0
1634328497206,177.0,0.003,0
1634328497406,177.2,-0.001,0
1634328497606,177.4,-0.002,0
1634328497806,177.6,-0.0,0
1634328498006,177.8,0.002,0
1634328498206,178.0,0.007,0
1634328498406,178.2,0.015,0
1634328498606,178.4,0.027,0
1634328498806,178.6,0.037,0
1634328499006,178.8,0.04,0
1634328499206,179.0,0.034,0
1634328499406,179.2,0.023,0
1634328499606,179.4,0.011,0
1634328499806,179.6,0.003,0
1634328500006,179.8,0.002,0
1634328500206,180.0,0.009,0
1634328500406,180.2,0.019,0
1634328500606,180.4,0.025,0
1634328500806,180.6,0.021,0
1634328501006,180.8,0.006,0
1634328501206,181.0,-0.015,0
1634328501406,181.2,-0.034,1
1634328501606,181.4,-0.042,1
1634328501806,181.6,-0.036,1
1634328502006,181.8,-0.018,1
1634328502206,182.0,0.004,1
1634328502406,182.2,0.023,1
1634328502606,182.4,0.032,1
1634328502806,182.6,0.027,1
1634328503006,182.8,0.01,1
1634328503206,183.0,-0.01,1
1634328503406,183.2,-0.022,1
1634328503606,183.4,-0.02,1
1634328503806,183.6,-0.008,1
1634328504006,183.8,0.007,1
1634328504206,184.0,0.016,1
1634328504406,184.2,0.015,1
1634328504606,184.4,0.006,1
1634328504806,184.6,-0.007,1
1634328505006,184.8,-0.019,1
1634328505206,185.0,-0.025,1
1634328505406,185.2,-0.021,1
1634328505606,185.4,-0.008,1
1634328505806,185.6,0.006,1
1634328506006,185.8,0.012,1
1634328506206,186.0,0.003,1
1634328506406,186.2,-0.016,1
1634328506606,186.4,-0.034,1
1634328506806,186.6,-0.041,1
1634328507006,186.8,-0.032,1
1634328507206,187.0,-0.01,1
1634328507406,187.2,0.015,1
1634328507606,187.4,0.031,1
1634328507806,187.6,0.03,1
1634328508006,187.8,0.01,1
1634328508206,188.0,-0.021,1
1634328508406,188.2,-0.047,1
1634328508606,188.4,-0.052,1
1634328508806,188.6,-0.033,1
1634328509006,188.8,0.003,1
1634328509206,189.0,0.034,1
1634328509406,189.2,0.045,1
1634328509606,189.4,0.029,1
1634328509806,189.6,-0.004,1
1634328510006,189.8,-0.04,1
1634328510206,190.0,-0.06,1
1634328510406,190.2,-0.056,1
1634328510606,190.4,-0.028,1
1634328510806,190.6,0.013,1
1634328511006,190.8,0.047,1
1634328511206,191.0,0.057,1
1634328511406,191.2,0.037,1
1634328511606,191.4,-0.004,1
1634328511806,191.6,-0.045,1
1634328512006,191.8,-0.064,1
1634328512206,192.0,-0.054,1
1634328512406,192.2,-0.018,1
1634328512606,192.4,0.023,1
1634328512806,192.6,0.05,1
1634328513006,192.8,0.051,1
1634328513206,193.0,0.025,1
1634328513406,193.2,-0.013,1
1634328513606,193.4,-0.043,1
1634328513806,193.6,-0.05,1
1634328514006,193.8,-0.029,1
1634328514206,194.0,0.01,1
1634328514406,194.2,0.047,1
1634328514606,194.4,0.064,1
1634328514806,194.6,0.054,1
1634328515006,194.8,0.022,1
1634328515206,195.0,-0.017,1
1634328515406,195.2,-0.044,1
1634328515606,195.4,-0.047,1
1634328515806,195.6,-0.026,1
1634328516006,195.8,0.009,1
1634328516206,196.0,0.042,1
1634328516406,196.2,0.057,1
1634328516606,196.4,0.046,1
1634328516806,196.6,0.015,1
1634328517006,196.8,-0.021,1
1634328517206,197.0,-0.045,1
1634328517406,197.2,-0.046,1
1634328517606,197.4,-0.024,1
1634328517806,197.6,0.009,1
1634328518006,197.8,0.038,1
1634328518206,198.0,0.051,1
1634328518406,198.2,0.046,1
1634328518606,198.4,0.026,1
1634328518806,198.6,0.001,1
1634328519006,198.8,-0.018,1
1634328519206,199.0,-0.024,1
1634328519406,199.2,-0.013,1
1634328519606,199.4,0.007,1
1634328519806,199.6,0.028,1
1634328520006,199.8,0.04,1
1634328520206,200.0,0.039,1
1634328520406,200.2,0.024,1
1634328520606,200.4,0.003,1
1634328520806,200.6,-0.018,1
1634328521006,200.8,-0.03,1
1634328521206,201.0,-0.03,1
1634328521406,201.2,-0.018,1
1634328521606,201.4,0.002,1
1634328521806,201.6,0.022,1
1634328522006,201.8,0.033,1
1634328522206,202.0,0.031,1
1634328522406,202.2,0.016,1
1634328522606,202.4,-0.004,1
1634328522806,202.6,-0.019,1
1634328523006,202.8,-0.019,1
1634328523206,203.0,-0.004,1
1634328523406,203.2,0.019,1
1634328523606,203.4,0.038,1
1634328523806,203.6,0.041,1
1634328524006,203.8,0.029,1
1634328524206,204.0,0.007,1
1634328524406,204.2,-0.014,1
1634328524606,204.4,-0.027,1
1634328524806,204.6,-0.029,1
1634328525006,204.8,-0.024,1
1634328525206,205.0,-0.017,1
1634328525406,205.2,-0.012,1
1634328525606,205.4,-0.011,1
1634328525806,205.6,-0.014,1
1634328526006,205.8,-0.018,1
1634328526206,206.0,-0.02,1
1634328526406,206.2,-0.019,1
1634328526606,206.4,-0.014,1
1634328526806,206.6,-0.007,1
1634328527006,206.8,-0.002,1
1634328527206,207.0,-0.0,1
1634328527406,207.2,-0.003,1
1634328527606,207.4,-0.009,1
1634328527806,207.6,-0.015,1
1634328528006,207.8,-0.02,1
1634328528206,208.0,-0.02,1
1634328528406,208.2,-0.015,1
1634328528606,208.4,-0.01,1
1634328528806,208.6,-0.01,1
1634328529006,208.8,-0.015,1
1634328529206,209.0,-0.021,1
1634328529406,209.2,-0.02,1
1634328529606,209.4,-0.006,1
1634328529806,209.6,0.016,1
1634328530006,209.8,0.034,1
1634328530206,210.0,0.035,1
1634328530406,210.2,0.018,1
1634328530606,210.4,-0.008,1
1634328530806,210.6,-0.028,1
1634328531006,210.8,-0.029,1
1634328531206,211.0,-0.014,1
1634328531406,211.2,0.006,1
1634328531606,211.4,0.018,1
1634328531806,211.6,0.016,1
1634328532006,211.8,0.004,1
1634328532206,212.0,-0.008,1
1634328532406,212.2,-0.016,1
1634328532606,212.4,-0.017,1
1634328532806,212.6,-0.016,1
1634328533006,212.8,-0.015,1
1634328533206,213.0,-0.014,1
1634328533406,213.2,-0.012,1
1634328533606,213.4,-0.005,1
1634328533806,213.6,0.003,1
1634328534006,213.8,0.01,1
1634328534206,214.0,0.012,1
1634328534406,214.2,0.009,1
1634328534606,214.4,0.003,1
1634328534806,214.6,0.0,1
1634328535006,214.8,0.003,1
1634328535206,215.0,0.012,1
1634328535406,215.2,0.026,1
1634328535606,215.4,0.039,1
1634328535806,215.6,0.044,1
1634328536006,215.8,0.038,1
1634328536206,216.0,0.021,1
1634328536406,216.2,0.001,1
1634328536606,216.4,-0.014,1
1634328536806,216.6,-0.019,1
1634328537006,216.8,-0.013,1
1634328537206,217.0,-0.001,1
1634328537406,217.2,0.011,1
1634328537606,217.4,0.017,1
1634328537806,217.6,0.015,1
1634328538006,217.8,0.007,1
1634328538206,218.0,-0.005,1
1634328538406,218.2,-0.016,1
1634328538606,218.4,-0.023,1
1634328538806,218.6,-0.022,1
1634328539006,218.8,-0.014,1
1634328539206,219.0,0.001,1
1634328539406,219.2,0.018,1
1634328539606,219.4,0.03,1
1634328539806,219.6,0.033,1
1634328540006,219.8,0.025,1
1634328540206,220.0,0.011,1
1634328540406,220.2,-0.005,1
1634328540606,220.4,-0.014,1
1634328540806,220.6,-0.014,1
1634328541006,220.8,-0.003,1
1634328541206,221.0,0.01,1
1634328541406,221.2,0.02,1
1634328541606,221.4,0.021,1
1634328541806,221.6,0.013,1
1634328542006,221.8,0.0,1
1634328542206,222.0,-0.009,1
1634328542406,222.2,-0.008,1
1634328542606,222.4,0.002,1
1634328542806,222.6,0.018,1
1634328543006,222.8,0.032,1
1634328543206,223.0,0.036,1
1634328543406,223.2,0.029,1
1634328543606,223.4,0.015,1
1634328543806,223.6,0.001,1
1634328544006,223.8,-0.009,1
1634328544206,224.0,-0.013,1
1634328544406,224.2,-0.013,1
1634328544606,224.4,-0.011,1
1634328544806,224.6,-0.009,1
1634328545006,224.8,-0.008,1
1634328545206,225.0,-0.009,1
1634328545406,225.2,-0.012,1
1634328545606,225.4,-0.014,1
1634328545806,225.6,-0.014,1
1634328546006,225.8,-0.008,1
1634328546206,226.0,-0.001,1
1634328546406,226.2,0.003,1
1634328546606,226.4,-0.001,1
1634328546806,226.6,-0.014,1
1634328547006,226.8,-0.03,1
1634328547206,227.0,-0.04,1
1634328547406,227.2,-0.039,1
1634328547606,227.4,-0.028,1
1634328547806,227.6,-0.015,1
1634328548006,227.8,-0.006,1
1634328548206,228.0,-0.006,1
1634328548406,228.2,-0.012,1
1634328548606,228.4,-0.019,1
1634328548806,228.6,-0.021,1
1634328549006,228.8,-0.015,1
1634328549206,229.0,-0.001,1
1634328549406,229.2,0.014,1
1634328549606,229.4,0.024,1
1634328549806,229.6,0.022,1
1634328550006,229.8,0.011,1
1634328550206,230.0,-0.003,1
1634328550406,230.2,-0.013,1
1634328550606,230.4,-0.014,1
1634328550806,230.6,-0.008,1
1634328551006,230.8,-0.0,1
1634328551206,231.0,0.005,1
1634328551406,231.2,0.006,1
1634328551606,231.4,0.003,1
1634328551806,231.6,-0.004,1
1634328552006,231.8,-0.011,1
1634328552206,232.0,-0.016,1
1634328552406,232.2,-0.018,1
1634328552606,232.4,-0.016,1
1634328552806,232.6,-0.011,1
1634328553006,232.8,-0.001,1
1634328553206,233.0,0.011,1
1634328553406,233.2,0.022,1
1634328553606,233.4,0.028,1
1634328553806,233.6,0.025,1
1634328554006,233.8,0.014,1
1634328554206,234.0,0.0,1
1634328554406,234.2,-0.01,1
1634328554606,234.4,-0.014,1
1634328554806,234.6,-0.01,1
1634328555006,234.8,-0.002,1
1634328555206,235.0,0.005,1
1634328555406,235.2,0.009,1
1634328555606,235.4,0.007,1
1634328555806,235.6,-0.001,1
1634328556006,235.8,-0.011,1
1634328556206,236.0,-0.018,1
1634328556406,236.2,-0.015,1
1634328556606,236.4,0.0,1
1634328556806,236.6,0.021,1
1634328557006,236.8,0.037,1
1634328557206,237.0,0.04,1
1634328557406,237.2,0.031,1
1634328557606,237.4,0.016,1
1634328557806,237.6,0.004,1
1634328558006,237.8,-0.0,1
1634328558206,238.0,0.0,1
1634328558406,238.2,0.001,1
1634328558606,238.4,0.001,1
1634328558806,238.6,0.001,1
1634328559006,238.8,0.003,1
1634328559206,239.0,0.01,1
1634328559406,239.2,0.019,1
1634328559606,239.4,0.025,1
1634328559806,239.6,0.025,1
1634328560006,239.8,0.018,1
1634328560206,240.0,0.008,0
1634328560406,240.2,-0.001,0
1634328560606,240.4,-0.006,0
1634328560806,240.6,-0.007,0
1634328561006,240.8,-0.006,0
1634328561206,241.0,-0.002,0
1634328561406,241.2,0.005,0
1634328561606,241.4,0.014,0
1634328561806,241.6,0.021,0
1634328562006,241.8,0.02,0
1634328562206,242.0,0.007,0
1634328562406,242.2,-0.011,0
1634328562606,242.4,-0.026,0
1634328562806,242.6,-0.03,0
1634328563006,242.8,-0.021,0
1634328563206,243.0,-0.008,0
1634328563406,243.2,0.003,0
1634328563606,243.4,0.008,0
1634328563806,243.6,0.008,0
1634328564006,243.8,0.007,0
1634328564206,244.0,0.007,0
1634328564406,244.2,0.006,0
1634328564606,244.4,-0.001,0
1634328564806,244.6,-0.013,0
1634328565006,244.8,-0.024,0
1634328565206,245.0,-0.028,0
1634328565406,245.2,-0.02,0
1634328565606,245.4,-0.004,0
1634328565806,245.6,0.012,0
1634328566006,245.8,0.018,0
1634328566206,246.0,0.012,0
1634328566406,246.2,-0.001,0
1634328566606,246.4,-0.013,0
1634328566806,246.6,-0.014,0
1634328567006,246.8,-0.005,0
1634328567206,247.0,0.009,0
1634328567406,247.2,0.018,0
1634328567606,247.4,0.017,0
1634328567806,247.6,0.006,0
1634328568006,247.8,-0.006,0
1634328568206,248.0,-0.014,0
1634328568406,248.2,-0.015,0
1634328568606,248.4,-0.011,0
1634328568806,248.6,-0.008,0
1634328569006,248.8,-0.01,0
1634328569206,249.0,-0.018,0
1634328569406,249.2,-0.029,0
1634328569606,249.4,-0.037,0
1634328569806,249.6,-0.037,0
1634328570006,249.8,-0.03,0
1634328570206,250.0,-0.017,0
1634328570406,250.2,-0.004,0
1634328570606,250.4,0.006,0
1634328570806,250.6,0.01,0
1634328571006,250.8,0.01,0
1634328571206,251.0,0.006,0
1634328571406,251.2,-0.001,0
1634328571606,251.4,-0.009,0
1634328571806,251.6,-0.016,0
1634328572006,251.8,-0.018,0
1634328572206,252.0,-0.015,0
1634328572406,252.2,-0.009,0
1634328572606,252.4,-0.003,0
1634328572806,252.6,0.0,0
1634328573006,252.8,0.002,0
1634328573206,253.0,0.004,0
1634328573406,253.2,0.007,0
1634328573606,253.4,0.011,0
1634328573806,253.6,0.011,0
1634328574006,253.8,0.006,0
1634328574206,254.0,-0.001,0
1634328574406,254.2,-0.007,0
1634328574606,254.4,-0.006,0
1634328574806,254.6,0.001,0
1634328575006,254.8,0.011,0
1634328575206,255.0,0.017,0
1634328575406,255.2,0.015,0
1634328575606,255.4,0.009,0
1634328575806,255.6,0.006,0
1634328576006,255.8,0.01,0
1634328576206,256.0,0.02,0
1634328576406,256.2,0.029,0
1634328576606,256.4,0.032,0
1634328576806,256.6,0.027,0
1634328577006,256.8,0.017,0
1634328577206,257.0,0.008,0
1634328577406,257.2,0.004,0
1634328577606,257.4,0.004,0
1634328577806,257.6,0.004,0
1634328578006,257.8,-0.0,0
1634328578206,258.0,-0.007,0
1634328578406,258.2,-0.01,0
1634328578606,258.4,-0.008,0
1634328578806,258.6,-0.001,0
1634328579006,258.8,0.009,0
1634328579206,259.0,0.015,0
1634328579406,259.2,0.017,0
1634328579606,259.4,0.015,0
1634328579806,259.6,0.012,0
1634328580006,259.8,0.011,0
1634328580206,260.0,0.014,0
1634328580406,260.2,0.018,0
1634328580606,260.4,0.022,0
1634328580806,260.6,0.021,0
1634328581006,260.8,0.014,1
1634328581206,261.0,0.002,1
1634328581406,261.2,-0.011,1
1634328581606,261.4,-0.022,1
1634328581806,261.6,-0.026,1
1634328582006,261.8,-0.024,1
1634328582206,262.0,-0.02,1
1634328582406,262.2,-0.015,1
1634328582606,262.4,-0.011,1
1634328582806,262.6,-0.007,1
1634328583006,262.8,-0.003,1
1634328583206,263.0,0.001,1
1634328583406,263.2,0.002,1
1634328583606,263.4,-0.001,1
1634328583806,263.6,-0.005,1
1634328584006,263.8,-0.007,1
1634328584206,264.0,-0.003,1
1634328584406,264.2,0.004,1
1634328584606,264.4,0.009,1
1634328584806,264.6,0.009,1
1634328585006,264.8,0.004,1
1634328585206,265.0,-0.005,1
1634328585406,265.2,-0.01,1
1634328585606,265.4,-0.008,1
1634328585806,265.6,-0.001,1
1634328586006,265.8,0.008,1
1634328586206,266.0,0.013,1
1634328586406,266.2,0.011,1
1634328586606,266.4,0.005,1
1634328586806,266.6,0.001,1
1634328587006,266.8,0.004,1
1634328587206,267.0,0.012,1
1634328587406,267.2,0.018,1
1634328587606,267.4,0.012,1
1634328587806,267.6,-0.005,1
1634328588006,267.8,-0.026,1
1634328588206,268.0,-0.039,1
1634328588406,268.2,-0.037,1
1634328588606,268.4,-0.024,1
1634328588806,268.6,-0.009,1
1634328589006,268.8,0.001,1
1634328589206,269.0,0.006,1
1634328589406,269.2,0.007,1
1634328589606,269.4,0.007,1
1634328589806,269.6,0.001,1
1634328590006,269.8,-0.011,1
1634328590206,270.0,-0.025,1
1634328590406,270.2,-0.033,1
1634328590606,270.4,-0.029,1
1634328590806,270.6,-0.016,1
1634328591006,270.8,-0.006,1
1634328591206,271.0,-0.009,1
1634328591406,271.2,-0.024,1
1634328591606,271.4,-0.039,1
1634328591806,271.6,-0.04,1
1634328592006,271.8,-0.023,1
1634328592206,272.0,0.002,1
1634328592406,272.2,0.018,1
1634328592606,272.4,0.017,1
1634328592806,272.6,0.006,1
1634328593006,272.8,-0.004,1
1634328593206,273.0,-0.004,1
1634328593406,273.2,0.002,1
1634328593606,273.4,0.003,1
1634328593806,273.6,-0.005,1
1634328594006,273.8,-0.016,1
1634328594206,274.0,-0.015,1
1634328594406,274.2,0.001,1
1634328594606,274.4,0.025,1
1634328594806,274.6,0.039,1
1634328595006,274.8,0.034,1
1634328595206,275.0,0.016,1
1634328595406,275.2,0.001,1
1634328595606,275.4,0.002,1
1634328595806,275.6,0.016,1
1634328596006,275.8,0.03,1
1634328596206,276.0,0.032,1
1634328596406,276.2,0.024,1
1634328596606,276.4,0.016,1
1634328596806,276.6,0.017,1
1634328597006,276.8,0.023,1
1634328597206,277.0,0.026,1
1634328597406,277.2,0.018,1
1634328597606,277.4,0.002,1
1634328597806,277.6,-0.01,1
1634328598006,277.8,-0.008,1
1634328598206,278.0,0.007,1
1634328598406,278.2,0.023,1
1634328598606,278.4,0.026,1
1634328598806,278.6,0.015,1
1634328599006,278.8,-0.002,1
1634328599206,279.0,-0.012,1
1634328599406,279.2,-0.009,1
1634328599606,279.4,-0.0,1
1634328599806,279.6,0.002,1
1634328600006,279.8,-0.009,1
1634328600206,280.0,-0.026,1
1634328600406,280.2,-0.035,1
1634328600606,280.4,-0.028,1
1634328600806,280.6,-0.005,1
1634328601006,280.8,0.018,1
1634328601206,281.0,0.029,1
1634328601406,281.2,0.025,1
1634328601606,281.4,0.015,1
1634328601806,281.6,0.01,1
1634328602006,281.8,0.013,1
1634328602206,282.0,0.018,1
1634328602406,282.2,0.014,1
1634328602606,282.4,-0.001,1
1634328602806,282.6,-0.019,1
1634328603006,282.8,-0.028,1
1634328603206,283.0,-0.021,1
1634328603406,283.2,-0.005,1
1634328603606,283.4,0.006,1
1634328603806,283.6,0.005,1
1634328604006,283.8,-0.007,1
1634328604206,284.0,-0.016,1
1634328604406,284.2,-0.014,1
1634328604606,284.4,0.0,1
1634328604806,284.6,0.013,1
1634328605006,284.8,0.014,1
1634328605206,285.0,0.002,1
1634328605406,285.2,-0.015,1
1634328605606,285.4,-0.023,1
1634328605806,285.6,-0.017,1
1634328606006,285.8,-0.005,1
1634328606206,286.0,0.006,1
1634328606406,286.2,0.007,1
1634328606606,286.4,0.001,1
1634328606806,286.6,-0.006,1
1634328607006,286.8,-0.006,1
1634328607206,287.0,-0.001,1
1634328607406,287.2,0.005,1
1634328607606,287.4,0.007,1
1634328607806,287.6,0.004,1
1634328608006,287.8,-0.001,1
1634328608206,288.0,-0.003,1
1634328608406,288.2,-0.0,1
1634328608606,288.4,0.003,1
1634328608806,288.6,0.002,1
1634328609006,288.8,-0.004,1
1634328609206,289.0,-0.013,1
1634328609406,289.2,-0.019,1
1634328609606,289.4,-0.02,1
1634328609806,289.6,-0.016,1
1634328610006,289.8,-0.011,1
1634328610206,290.0,-0.006,1
1634328610406,290.2,-0.002,1
1634328610606,290.4,0.001,1
1634328610806,290.6,0.002,1
1634328611006,290.8,-0.0,1
1634328611206,291.0,-0.006,1
1634328611406,291.2,-0.013,1
1634328611606,291.4,-0.019,1
1634328611806,291.6,-0.023,1
1634328612006,291.8,-0.028,1
1634328612206,292.0,-0.032,1
1634328612406,292.2,-0.034,1
1634328612606,292.4,-0.03,1
1634328612806,292.6,-0.019,1
1634328613006,292.8,-0.007,1
1634328613206,293.0,0.001,1
1634328613406,293.2,0.003,1
1634328613606,293.4,0.001,1
1634328613806,293.6,0.001,1
1634328614006,293.8,0.006,1
1634328614206,294.0,0.014,1
1634328614406,294.2,0.02,1
1634328614606,294.4,0.017,1
1634328614806,294.6,0.009,1
1634328615006,294.8,0.0,1
1634328615206,295.0,-0.001,1
1634328615406,295.2,0.007,1
1634328615606,295.4,0.016,1
1634328615806,295.6,0.022,1
1634328616006,295.8,0.021,1
1634328616206,296.0,0.018,1
1634328616406,296.2,0.021,1
1634328616606,296.4,0.03,1
1634328616806,296.6,0.039,1
1634328617006,296.8,0.039,1
1634328617206,297.0,0.028,1
1634328617406,297.2,0.012,1
1634328617606,297.4,0.0,1
1634328617806,297.6,-0.001,1
1634328618006,297.8,0.005,1
1634328618206,298.0,0.01,1
1634328618406,298.2,0.009,1
1634328618606,298.4,0.002,1
1634328618806,298.6,-0.003,1
1634328619006,298.8,-0.001,1
1634328619206,299.0,0.007,1
1634328619406,299.2,0.016,1
1634328619606,299.4,0.021,1
1634328619806,299.6,0.019,1
1634328620006,299.8,0.012,1
1634328620206,300.0,0.002,1
1634328620406,300.2,-0.007,1
1634328620606,300.4,-0.014,1
1634328620806,300.6,-0.018,1
1634328621006,300.8,-0.017,1
1634328621206,301.0,-0.01,1
1634328621406,301.2,0.001,1
1634328621606,301.4,0.01,1
1634328621806,301.6,0.014,1
1634328622006,301.8,0.009,1
1634328622206,302.0,-0.001,1
1634328622406,302.2,-0.009,1
1634328622606,302.4,-0.012,1
1634328622806,302.6,-0.011,1
1634328623006,302.8,-0.008,1
1634328623206,303.0,-0.006,1
1634328623406,303.2,-0.006,1
1634328623606,303.4,-0.008,1
1634328623806,303.6,-0.012,1
1634328624006,303.8,-0.016,1
1634328624206,304.0,-0.016,1
1634328624406,304.2,-0.011,1
1634328624606,304.4,-0.002,1
1634328624806,304.6,0.006,1
1634328625006,304.8,0.007,1
1634328625206,305.0,0.004,1
1634328625406,305.2,0.0,1
1634328625606,305.4,0.0,1
1634328625806,305.6,0.004,1
1634328626006,305.8,0.006,1
1634328626206,306.0,-0.001,1
1634328626406,306.2,-0.015,1
1634328626606,306.4,-0.026,1
1634328626806,306.6,-0.025,1
1634328627006,306.8,-0.01,1
1634328627206,307.0,0.011,1
1634328627406,307.2,0.025,1
1634328627606,307.4,0.027,1
1634328627806,307.6,0.02,1
1634328628006,307.8,0.012,1
1634328628206,308.0,0.01,1
1634328628406,308.2,0.011,1
1634328628606,308.4,0.009,1
1634328628806,308.6,0.002,1
1634328629006,308.8,-0.008,1
1634328629206,309.0,-0.014,1
1634328629406,309.2,-0.015,1
1634328629606,309.4,-0.013,1
1634328629806,309.6,-0.014,1
1634328630006,309.8,-0.021,1
1634328630206,310.0,-0.028,1
1634328630406,310.2,-0.029,1
1634328630606,310.4,-0.024,1
1634328630806,310.6,-0.016,1
1634328631006,310.8,-0.011,1
1634328631206,311.0,-0.01,1
1634328631406,311.2,-0.013,1
1634328631606,311.4,-0.016,1
1634328631806,311.6,-0.02,1
1634328632006,311.8,-0.025,1
1634328632206,312.0,-0.028,1
1634328632406,312.2,-0.024,1
1634328632606,312.4,-0.012,1
1634328632806,312.6,0.004,1
1634328633006,312.8,0.014,1
1634328633206,313.0,0.012,1
1634328633406,313.2,0.002,1
1634328633606,313.4,-0.003,1
1634328633806,313.6,0.001,1
1634328634006,313.8,0.011,1
1634328634206,314.0,0.018,1
1634328634406,314.2,0.015,1
1634328634606,314.4,0.006,1
1634328634806,314.6,0.001,1
1634328635006,314.8,0.004,1
1634328635206,315.0,0.013,1
1634328635406,315.2,0.019,1
1634328635606,315.4,0.017,1
1634328635806,315.6,0.01,1
1634328636006,315.8,0.005,1
1634328636206,316.0,0.006,1
1634328636406,316.2,0.01,1
1634328636606,316.4,0.011,1
1634328636806,316.6,0.005,1
1634328637006,316.8,-0.003,1
1634328637206,317.0,-0.005,1
1634328637406,317.2,0.005,1
1634328637606,317.4,0.021,1
1634328637806,317.6,0.035,1
1634328638006,317.8,0.036,1
1634328638206,318.0,0.026,1
1634328638406,318.2,0.012,1
1634328638606,318.4,0.006,1
1634328638806,318.6,0.011,1
1634328639006,318.8,0.023,1
1634328639206,319.0,0.031,1
1634328639406,319.2,0.029,1
1634328639606,319.4,0.021,1
1634328639806,319.6,0.011,1
1634328640006,319.8,0.005,1
1634328640206,320.0,0.002,1
1634328640406,320.2,-0.0,1
1634328640606,320.4,-0.004,1
1634328640806,320.6,-0.007,1
1634328641006,320.8,-0.005,1
1634328641206,321.0,-0.001,1
1634328641406,321.2,0.002,1
1634328641606,321.4,-0.002,1
1634328641806,321.6,-0.011,1
1634328642006,321.8,-0.022,1
1634328642206,322.0,-0.029,1
1634328642406,322.2,-0.028,1
1634328642606,322.4,-0.021,1
1634328642806,322.6,-0.012,1
1634328643006,322.8,-0.007,1
1634328643206,323.0,-0.008,1
1634328643406,323.2,-0.014,1
1634328643606,323.4,-0.017,1
1634328643806,323.6,-0.013,1
1634328644006,323.8,-0.003,1
1634328644206,324.0,0.009,1
1634328644406,324.2,0.013,1
1634328644606,324.4,0.007,1
1634328644806,324.6,-0.004,1
1634328645006,324.8,-0.011,1
1634328645206,325.0,-0.008,1
1634328645406,325.2,0.003,1
1634328645606,325.4,0.015,1
1634328645806,325.6,0.021,1
1634328646006,325.8,0.021,1
1634328646206,326.0,0.019,1
1634328646406,326.2,0.018,1
1634328646606,326.4,0.016,1
1634328646806,326.6,0.01,1
1634328647006,326.8,-0.001,1
1634328647206,327.0,-0.014,1
1634328647406,327.2,-0.024,1
1634328647606,327.4,-0.025,1
1634328647806,327.6,-0.019,1
1634328648006,327.8,-0.011,1
1634328648206,328.0,-0.006,1
1634328648406,328.2,-0.005,1
1634328648606,328.4,-0.006,1
1634328648806,328.6,-0.006,1
1634328649006,328.8,-0.005,1
1634328649206,329.0,-0.003,1
1634328649406,329.2,-0.003,1
1634328649606,329.4,-0.006,1
1634328649806,329.6,-0.012,1
1634328650006,329.8,-0.019,1
1634328650206,330.0,-0.025,1
1634328650406,330.2,-0.028,1
1634328650606,330.4,-0.027,1
1634328650806,330.6,-0.022,1
1634328651006,330.8,-0.015,1
1634328651206,331.0,-0.006,1
1634328651406,331.2,0.002,1
1634328651606,331.4,0.008,1
1634328651806,331.6,0.011,1
1634328652006,331.8,0.01,1
1634328652206,332.0,0.005,1
1634328652406,332.2,0.001,1
1634328652606,332.4,-0.002,1
1634328652806,332.6,-0.003,1
1634328653006,332.8,-0.004,1
1634328653206,333.0,-0.006,1
1634328653406,333.2,-0.009,1
1634328653606,333.4,-0.01,1
1634328653806,333.6,-0.007,1
1634328654006,333.8,-0.002,1
1634328654206,334.0,0.003,1
1634328654406,334.2,0.006,1
1634328654606,334.4,0.005,1
1634328654806,334.6,0.004,1
1634328655006,334.8,0.004,1
1634328655206,335.0,0.008,1
1634328655406,335.2,0.012,1
1634328655606,335.4,0.013,1
1634328655806,335.6,0.01,1
1634328656006,335.8,0.004,1
1634328656206,336.0,-0.0,1
1634328656406,336.2,0.001,1
1634328656606,336.4,0.008,1
1634328656806,336.6,0.015,1
1634328657006,336.8,0.018,1
1634328657206,337.0,0.018,1
1634328657406,337.2,0.017,1
1634328657606,337.4,0.016,1
1634328657806,337.6,0.014,1
1634328658006,337.8,0.009,1
1634328658206,338.0,-0.001,1
1634328658406,338.2,-0.008,1
1634328658606,338.4,-0.008,1
1634328658806,338.6,0.002,1
1634328659006,338.8,0.015,1
1634328659206,339.0,0.024,1
1634328659406,339.2,0.026,1
1634328659606,339.4,0.024,1
1634328659806,339.6,0.024,1
1634328660006,339.8,0.024,1
1634328660206,340.0,0.021,1
1634328660406,340.2,0.013,1
1634328660606,340.4,0.001,1
1634328660806,340.6,-0.005,1
1634328661006,340.8,-0.002,1
1634328661206,341.0,0.008,1
1634328661406,341.2,0.014,1
1634328661606,341.4,0.012,1
1634328661806,341.6,0.003,1
1634328662006,341.8,-0.006,1
1634328662206,342.0,-0.008,1
1634328662406,342.2,-0.004,1
1634328662606,342.4,0.0,1
1634328662806,342.6,-0.002,1
1634328663006,342.8,-0.012,1
1634328663206,343.0,-0.022,1
1634328663406,343.2,-0.025,1
1634328663606,343.4,-0.02,1
1634328663806,343.6,-0.011,1
1634328664006,343.8,-0.005,1
1634328664206,344.0,-0.006,1
1634328664406,344.2,-0.011,1
1634328664606,344.4,-0.015,1
1634328664806,344.6,-0.015,1
1634328665006,344.8,-0.012,1
1634328665206,345.0,-0.011,1
1634328665406,345.2,-0.015,1
1634328665606,345.4,-0.02,1
1634328665806,345.6,-0.018,1
1634328666006,345.8,-0.008,1
1634328666206,346.0,0.007,1
1634328666406,346.2,0.019,1
1634328666606,346.4,0.021,1
1634328666806,346.6,0.014,1
1634328667006,346.8,0.008,1
1634328667206,347.0,0.005,1
1634328667406,347.2,0.006,1
1634328667606,347.4,0.005,1
1634328667806,347.6,-0.002,1
1634328668006,347.8,-0.012,1
1634328668206,348.0,-0.02,1
1634328668406,348.2,-0.021,1
1634328668606,348.4,-0.015,1
1634328668806,348.6,-0.007,1
1634328669006,348.8,-0.002,1
1634328669206,349.0,0.0,1
1634328669406,349.2,0.002,1
1634328669606,349.4,0.005,1
1634328669806,349.6,0.007,1
1634328670006,349.8,0.005,1
1634328670206,350.0,-0.003,1
1634328670406,350.2,-0.014,1
1634328670606,350.4,-0.023,1
1634328670806,350.6,-0.024,1
1634328671006,350.8,-0.018,1
1634328671206,351.0,-0.01,1
1634328671406,351.2,-0.006,1
1634328671606,351.4,-0.007,1
1634328671806,351.6,-0.007,1
1634328672006,351.8,-0.003,1
1634328672206,352.0,0.006,1
1634328672406,352.2,0.012,1
1634328672606,352.4,0.011,1
1634328672806,352.6,0.001,1
1634328673006,352.8,-0.011,1
1634328673206,353.0,-0.016,1
1634328673406,353.2,-0.015,1
1634328673606,353.4,-0.009,1
1634328673806,353.6,-0.004,1
1634328674006,353.8,-0.0,1
1634328674206,354.0,0.003,1
1634328674406,354.2,0.008,1
1634328674606,354.4,0.012,1
1634328674806,354.6,0.013,1
1634328675006,354.8,0.009,1
1634328675206,355.0,0.003,1
1634328675406,355.2,-0.001,1
1634328675606,355.4,-0.0,1
1634328675806,355.6,0.002,1
1634328676006,355.8,0.002,1
1634328676206,356.0,-0.003,1
1634328676406,356.2,-0.01,1
1634328676606,356.4,-0.012,1
1634328676806,356.6,-0.007,1
1634328677006,356.8,0.003,1
1634328677206,357.0,0.013,1
1634328677406,357.2,0.018,1
1634328677606,357.4,0.019,1
1634328677806,357.6,0.019,1
1634328678006,357.8,0.021,1
1634328678206,358.0,0.021,1
1634328678406,358.2,0.018,1
1634328678606,358.4,0.013,1
1634328678806,358.6,0.012,1
1634328679006,358.8,0.019,1
1634328679206,359.0,0.032,1
1634328679406,359.2,0.041,1
1634328679606,359.4,0.039,1
1634328679806,359.6,0.026,1
1634328680006,359.8,0.01,1
1634328680206,360.0,0.001,1
1634328680406,360.2,0.004,1
1634328680606,360.4,0.008,1
1634328680806,360.6,0.007,1
1634328681006,360.8,-0.003,1
1634328681206,361.0,-0.014,1
1634328681406,361.2,-0.015,1
1634328681606,361.4,-0.006,1
1634328681806,361.6,0.007,1
1634328682006,361.8,0.012,1
1634328682206,362.0,0.005,1
1634328682406,362.2,-0.009,1
1634328682606,362.4,-0.02,1
1634328682806,362.6,-0.022,1
1634328683006,362.8,-0.016,1
1634328683206,363.0,-0.008,1
1634328683406,363.2,-0.002,1
1634328683606,363.4,-0.0,1
1634328683806,363.6,-0.002,1
1634328684006,363.8,-0.004,1
1634328684206,364.0,-0.004,1
1634328684406,364.2,-0.004,1
1634328684606,364.4,-0.005,1
1634328684806,364.6,-0.009,1
1634328685006,364.8,-0.015,1
1634328685206,365.0,-0.02,1
1634328685406,365.2,-0.021,1
1634328685606,365.4,-0.019,1
1634328685806,365.6,-0.015,1
1634328686006,365.8,-0.01,1
1634328686206,366.0,-0.004,1
1634328686406,366.2,0.002,1
1634328686606,366.4,0.007,1
1634328686806,366.6,0.009,1
1634328687006,366.8,0.005,1
1634328687206,367.0,-0.003,1
1634328687406,367.2,-0.01,1
1634328687606,367.4,-0.013,1
1634328687806,367.6,-0.01,1
1634328688006,367.8,-0.005,1
1634328688206,368.0,-0.0,1
1634328688406,368.2,0.003,1
1634328688606,368.4,0.007,1
1634328688806,368.6,0.01,1
1634328689006,368.8,0.011,1
1634328689206,369.0,0.009,1
1634328689406,369.2,0.002,1
1634328689606,369.4,-0.004,1
1634328689806,369.6,-0.009,1
1634328690006,369.8,-0.013,1
1634328690206,370.0,-0.016,1
1634328690406,370.2,-0.018,1
1634328690606,370.4,-0.016,1
1634328690806,370.6,-0.01,1
1634328691006,370.8,-0.001,1
1634328691206,371.0,0.005,1
1634328691406,371.2,0.004,1
1634328691606,371.4,-0.002,1
1634328691806,371.6,-0.008,1
1634328692006,371.8,-0.009,1
1634328692206,372.0,-0.007,1
1634328692406,372.2,-0.009,1
1634328692606,372.4,-0.015,1
1634328692806,372.6,-0.023,1
1634328693006,372.8,-0.023,1
1634328693206,373.0,-0.015,1
1634328693406,373.2,-0.002,1
1634328693606,373.4,0.007,1
1634328693806,373.6,0.008,1
1634328694006,373.8,0.002,1
1634328694206,374.0,-0.004,1
1634328694406,374.2,-0.004,1
1634328694606,374.4,-0.001,1
1634328694806,374.6,0.001,1
1634328695006,374.8,-0.001,1
1634328695206,375.0,-0.003,1
1634328695406,375.2,-0.001,1
1634328695606,375.4,0.008,1
1634328695806,375.6,0.02,1
1634328696006,375.8,0.028,1
1634328696206,376.0,0.027,1
1634328696406,376.2,0.022,1
1634328696606,376.4,0.018,1
1634328696806,376.6,0.017,1
1634328697006,376.8,0.017,1
1634328697206,377.0,0.015,1
1634328697406,377.2,0.011,1
1634328697606,377.4,0.009,1
1634328697806,377.6,0.013,1
1634328698006,377.8,0.02,1
1634328698206,378.0,0.023,1
1634328698406,378.2,0.018,1
1634328698606,378.4,0.006,1
1634328698806,378.6,-0.004,1
1634328699006,378.8,-0.008,1
1634328699206,379.0,-0.005,1
1634328699406,379.2,-0.0,1
1634328699606,379.4,0.002,1
1634328699806,379.6,0.001,1
1634328700006,379.8,-0.001,1
1634328700206,380.0,0.001,1
1634328700406,380.2,0.006,1
1634328700606,380.4,0.012,1
1634328700806,380.6,0.016,1
1634328701006,380.8,0.015,1
1634328701206,381.0,0.011,1
1634328701406,381.2,0.005,1
1634328701606,381.4,-0.0,1
1634328701806,381.6,-0.003,1
1634328702006,381.8,-0.003,1
1634328702206,382.0,0.0,1
1634328702406,382.2,0.004,1
1634328702606,382.4,0.004,1
1634328702806,382.6,0.0,1
1634328703006,382.8,-0.006,1
1634328703206,383.0,-0.011,1
1634328703406,383.2,-0.012,1
1634328703606,383.4,-0.01,1
1634328703806,383.6,-0.007,1
1634328704006,383.8,-0.007,1
1634328704206,384.0,-0.01,1
1634328704406,384.2,-0.01,1
1634328704606,384.4,-0.004,1
1634328704806,384.6,0.007,1
1634328705006,384.8,0.018,1
1634328705206,385.0,0.022,1
1634328705406,385.2,0.019,1
1634328705606,385.4,0.01,1
1634328705806,385.6,0.001,1
1634328706006,385.8,-0.005,1
1634328706206,386.0,-0.008,1
1634328706406,386.2,-0.012,1
1634328706606,386.4,-0.018,1
1634328706806,386.6,-0.023,1
1634328707006,386.8,-0.025,1
1634328707206,387.0,-0.023,1
1634328707406,387.2,-0.018,1
1634328707606,387.4,-0.013,1
1634328707806,387.6,-0.011,1
1634328708006,387.8,-0.012,1
1634328708206,388.0,-0.014,1
1634328708406,388.2,-0.015,1
1634328708606,388.4,-0.012,1
1634328708806,388.6,-0.007,1
1634328709006,388.8,-0.001,1
1634328709206,389.0,-0.001,1
1634328709406,389.2,-0.005,1
1634328709606,389.4,-0.011,1
1634328709806,389.6,-0.012,1
1634328710006,389.8,-0.007,1
1634328710206,390.0,0.003,1
1634328710406,390.2,0.009,1
1634328710606,390.4,0.007,1
1634328710806,390.6,-0.001,1
1634328711006,390.8,-0.01,1
1634328711206,391.0,-0.014,1
1634328711406,391.2,-0.012,1
1634328711606,391.4,-0.006,1
1634328711806,391.6,-0.001,1
1634328712006,391.8,-0.0,1
1634328712206,392.0,-0.001,1
1634328712406,392.2,-0.001,1
1634328712606,392.4,0.0,1
1634328712806,392.6,0.001,1
1634328713006,392.8,0.0,1
1634328713206,393.0,-0.002,1
1634328713406,393.2,-0.005,1
1634328713606,393.4,-0.004,1
1634328713806,393.6,-0.0,1
1634328714006,393.8,0.004,1
1634328714206,394.0,0.006,1
1634328714406,394.2,0.005,1
1634328714606,394.4,0.005,1
1634328714806,394.6,0.007,1
1634328715006,394.8,0.011,1
1634328715206,395.0,0.014,1
1634328715406,395.2,0.013,1
1634328715606,395.4,0.011,1
1634328715806,395.6,0.013,1
1634328716006,395.8,0.018,1
1634328716206,396.0,0.022,1
1634328716406,396.2,0.018,1
1634328716606,396.4,0.007,1
1634328716806,396.6,-0.005,1
1634328717006,396.8,-0.009,1
1634328717206,397.0,-0.004,1
1634328717406,397.2,0.002,1
1634328717606,397.4,0.002,1
1634328717806,397.6,-0.004,1
1634328718006,397.8,-0.009,1
1634328718206,398.0,-0.005,1
1634328718406,398.2,0.005,1
1634328718606,398.4,0.015,1
1634328718806,398.6,0.018,1
1634328719006,398.8,0.015,1
1634328719206,399.0,0.012,1
1634328719406,399.2,0.011,1
1634328719606,399.4,0.01,1
1634328719806,399.6,0.006,1
1634328720006,399.8,-0.0,1
1634328720206,400.0,-0.003,1
1634328720406,400.2,0.001,1
1634328720606,400.4,0.009,1
1634328720806,400.6,0.015,1
1634328721006,400.8,0.013,1
1634328721206,401.0,0.007,1
1634328721406,401.2,-0.001,1
1634328721606,401.4,-0.006,1
1634328721806,401.6,-0.009,1
1634328722006,401.8,-0.011,1
1634328722206,402.0,-0.009,1
1634328722406,402.2,-0.002,1
1634328722606,402.4,0.009,1
1634328722806,402.6,0.016,1
1634328723006,402.8,0.017,1
1634328723206,403.0,0.011,1
1634328723406,403.2,0.006,1
1634328723606,403.4,0.006,1
1634328723806,403.6,0.01,1
1634328724006,403.8,0.012,1
1634328724206,404.0,0.01,1
1634328724406,404.2,0.006,1
1634328724606,404.4,0.004,1
1634328724806,404.6,0.005,1
1634328725006,404.8,0.005,1
1634328725206,405.0,0.002,1
1634328725406,405.2,-0.004,1
1634328725606,405.4,-0.009,1
1634328725806,405.6,-0.011,1
1634328726006,405.8,-0.011,1
1634328726206,406.0,-0.012,1
1634328726406,406.2,-0.016,1
1634328726606,406.4,-0.019,1
1634328726806,406.6,-0.02,1
1634328727006,406.8,-0.017,1
1634328727206,407.0,-0.015,1
1634328727406,407.2,-0.018,1
1634328727606,407.4,-0.025,1
1634328727806,407.6,-0.031,1
1634328728006,407.8,-0.033,1
1634328728206,408.0,-0.03,1
1634328728406,408.2,-0.025,1
1634328728606,408.4,-0.022,1
1634328728806,408.6,-0.019,1
1634328729006,408.8,-0.015,1
1634328729206,409.0,-0.008,1
1634328729406,409.2,-0.002,1
1634328729606,409.4,0.001,1
1634328729806,409.6,-0.0,1
1634328730006,409.8,-0.003,1
1634328730206,410.0,-0.004,1
1634328730406,410.2,-0.003,1
1634328730606,410.4,-0.001,1
1634328730806,410.6,0.001,1
1634328731006,410.8,0.005,1
1634328731206,411.0,0.012,1
1634328731406,411.2,0.019,1
1634328731606,411.4,0.02,1
1634328731806,411.6,0.015,1
1634328732006,411.8,0.006,1
1634328732206,412.0,-0.001,1
1634328732406,412.2,-0.002,1
1634328732606,412.4,0.001,1
1634328732806,412.6,0.005,1
1634328733006,412.8,0.007,1
1634328733206,413.0,0.008,1
1634328733406,413.2,0.01,1
1634328733606,413.4,0.01,1
1634328733806,413.6,0.007,1
1634328734006,413.8,0.001,1
1634328734206,414.0,-0.003,1
1634328734406,414.2,-0.002,1
1634328734606,414.4,0.002,1
1634328734806,414.6,0.005,1
1634328735006,414.8,0.002,1
1634328735206,415.0,-0.004,1
1634328735406,415.2,-0.008,1
1634328735606,415.4,-0.006,1
1634328735806,415.6,-0.002,1
1634328736006,415.8,-0.001,1
1634328736206,416.0,-0.004,1
1634328736406,416.2,-0.006,1
1634328736606,416.4,-0.001,1
1634328736806,416.6,0.007,1
1634328737006,416.8,0.012,1
1634328737206,417.0,0.008,1
1634328737406,417.2,-0.003,1
1634328737606,417.4,-0.01,1
1634328737806,417.6,-0.005,1
1634328738006,417.8,0.008,1
1634328738206,418.0,0.02,1
1634328738406,418.2,0.025,1
1634328738606,418.4,0.023,1
1634328738806,418.6,0.02,1
1634328739006,418.8,0.019,1
1634328739206,419.0,0.017,1
1634328739406,419.2,0.01,1
1634328739606,419.4,0.0,1
1634328739806,419.6,-0.007,1
1634328740006,419.8,-0.006,1
1634328740206,420.0,0.001,1
1634328740406,420.2,0.008,1
1634328740606,420.4,0.01,1
1634328740806,420.6,0.007,1
1634328741006,420.8,0.003,1
1634328741206,421.0,0.001,1
1634328741406,421.2,0.001,1
1634328741606,421.4,0.002,1
1634328741806,421.6,0.003,1
1634328742006,421.8,0.004,1
1634328742206,422.0,0.006,1
1634328742406,422.2,0.008,1
1634328742606,422.4,0.01,1
1634328742806,422.6,0.013,1
1634328743006,422.8,0.014,1
1634328743206,423.0,0.013,1
1634328743406,423.2,0.008,1
1634328743606,423.4,0.001,1
1634328743806,423.6,-0.004,1
1634328744006,423.8,-0.002,1
1634328744206,424.0,0.004,1
1634328744406,424.2,0.009,1
1634328744606,424.4,0.007,1
1634328744806,424.6,-0.0,1
1634328745006,424.8,-0.007,1
1634328745206,425.0,-0.009,1
1634328745406,425.2,-0.005,1
1634328745606,425.4,-0.002,1
1634328745806,425.6,-0.003,1
1634328746006,425.8,-0.007,1
1634328746206,426.0,-0.011,1
1634328746406,426.2,-0.013,1
1634328746606,426.4,-0.017,1
1634328746806,426.6,-0.024,1
1634328747006,426.8,-0.034,1
1634328747206,427.0,-0.038,1
1634328747406,427.2,-0.034,1
1634328747606,427.4,-0.021,1
1634328747806,427.6,-0.009,1
1634328748006,427.8,-0.004,1
1634328748206,428.0,-0.006,1
1634328748406,428.2,-0.012,1
1634328748606,428.4,-0.017,1
1634328748806,428.6,-0.02,1
1634328749006,428.8,-0.02,1
1634328749206,429.0,-0.018,1
1634328749406,429.2,-0.013,1
1634328749606,429.4,-0.006,1
1634328749806,429.6,0.003,1
1634328750006,429.8,0.008,1
1634328750206,430.0,0.008,1
1634328750406,430.2,0.004,1
1634328750606,430.4,-0.0,1
1634328750806,430.6,-0.002,1
1634328751006,430.8,-0.003,1
1634328751206,431.0,-0.002,1
1634328751406,431.2,-0.0,1
1634328751606,431.4,0.003,1
1634328751806,431.6,0.007,1
1634328752006,431.8,0.011,1
1634328752206,432.0,0.013,1
1634328752406,432.2,0.012,1
1634328752606,432.4,0.01,1
1634328752806,432.6,0.008,1
1634328753006,432.8,0.007,1
1634328753206,433.0,0.006,1
1634328753406,433.2,0.007,1
1634328753606,433.4,0.007,1
1634328753806,433.6,0.005,1
1634328754006,433.8,0.0,1
1634328754206,434.0,-0.007,1
1634328754406,434.2,-0.011,1
1634328754606,434.4,-0.011,1
1634328754806,434.6,-0.006,1
1634328755006,434.8,0.0,1
1634328755206,435.0,0.004,1
1634328755406,435.2,0.005,1
1634328755606,435.4,0.004,1
1634328755806,435.6,0.004,1
1634328756006,435.8,0.003,1
1634328756206,436.0,0.001,1
1634328756406,436.2,-0.002,1
1634328756606,436.4,-0.003,1
1634328756806,436.6,0.0,1
1634328757006,436.8,0.008,1
1634328757206,437.0,0.015,1
1634328757406,437.2,0.02,1
1634328757606,437.4,0.021,1
1634328757806,437.6,0.017,1
1634328758006,437.8,0.01,1
1634328758206,438.0,0.002,1
1634328758406,438.2,-0.006,1
1634328758606,438.4,-0.009,1
1634328758806,438.6,-0.005,1
1634328759006,438.8,0.004,1
1634328759206,439.0,0.013,1
1634328759406,439.2,0.016,1
1634328759606,439.4,0.012,1
1634328759806,439.6,0.007,1
1634328760006,439.8,0.006,1
1634328760206,440.0,0.008,1
1634328760406,440.2,0.011,1
1634328760606,440.4,0.01,1
1634328760806,440.6,0.006,1
1634328761006,440.8,0.001,1
1634328761206,441.0,0.0,1
1634328761406,441.2,0.003,1
1634328761606,441.4,0.007,1
1634328761806,441.6,0.01,1
1634328762006,441.8,0.012,1
1634328762206,442.0,0.011,1
1634328762406,442.2,0.01,1
1634328762606,442.4,0.008,1
1634328762806,442.6,0.004,1
1634328763006,442.8,-0.001,1
1634328763206,443.0,-0.004,1
1634328763406,443.2,-0.004,1
1634328763606,443.4,-0.001,1
1634328763806,443.6,0.002,1
1634328764006,443.8,0.003,1
1634328764206,444.0,-0.0,1
1634328764406,444.2,-0.005,1
1634328764606,444.4,-0.009,1
1634328764806,444.6,-0.011,1
1634328765006,444.8,-0.01,1
1634328765206,445.0,-0.005,1
1634328765406,445.2,0.003,1
1634328765606,445.4,0.009,1
1634328765806,445.6,0.01,1
1634328766006,445.8,0.004,1
1634328766206,446.0,-0.006,1
1634328766406,446.2,-0.017,1
1634328766606,446.4,-0.024,1
1634328766806,446.6,-0.025,1
1634328767006,446.8,-0.02,1
1634328767206,447.0,-0.012,1
1634328767406,447.2,-0.005,1
1634328767606,447.4,-0.001,1
1634328767806,447.6,-0.003,1
1634328768006,447.8,-0.01,1
1634328768206,448.0,-0.02,1
1634328768406,448.2,-0.028,1
1634328768606,448.4,-0.031,1
1634328768806,448.6,-0.03,1
1634328769006,448.8,-0.025,1
1634328769206,449.0,-0.017,1
1634328769406,449.2,-0.008,1
1634328769606,449.4,0.001,1
1634328769806,449.6,0.006,1
1634328770006,449.8,0.005,1
1634328770206,450.0,-0.002,1
1634328770406,450.2,-0.01,1
1634328770606,450.4,-0.014,1
1634328770806,450.6,-0.012,1
1634328771006,450.8,-0.005,1
1634328771206,451.0,0.002,1
1634328771406,451.2,0.008,1
1634328771606,451.4,0.012,1
1634328771806,451.6,0.014,1
1634328772006,451.8,0.012,1
1634328772206,452.0,0.006,1
1634328772406,452.2,-0.002,1
1634328772606,452.4,-0.008,1
1634328772806,452.6,-0.009,1
1634328773006,452.8,-0.004,1
1634328773206,453.0,0.003,1
1634328773406,453.2,0.011,1
1634328773606,453.4,0.017,1
1634328773806,453.6,0.018,1
1634328774006,453.8,0.015,1
1634328774206,454.0,0.009,1
1634328774406,454.2,0.003,1
1634328774606,454.4,-0.001,1
1634328774806,454.6,-0.0,1
1634328775006,454.8,0.003,1
1634328775206,455.0,0.006,1
1634328775406,455.2,0.007,1
1634328775606,455.4,0.005,1
1634328775806,455.6,0.002,1
1634328776006,455.8,-0.002,1
1634328776206,456.0,-0.006,1
1634328776406,456.2,-0.007,1
1634328776606,456.4,-0.004,1
1634328776806,456.6,0.002,1
1634328777006,456.8,0.009,1
1634328777206,457.0,0.014,1
1634328777406,457.2,0.014,1
1634328777606,457.4,0.013,1
1634328777806,457.6,0.01,1
1634328778006,457.8,0.008,1
1634328778206,458.0,0.004,1
1634328778406,458.2,-0.001,1
1634328778606,458.4,-0.005,1
1634328778806,458.6,-0.005,1
1634328779006,458.8,-0.0,1
1634328779206,459.0,0.007,1
1634328779406,459.2,0.013,1
1634328779606,459.4,0.017,1
1634328779806,459.6,0.017,1
1634328780006,459.8,0.014,1
1634328780206,460.0,0.007,1
1634328780406,460.2,-0.001,1
1634328780606,460.4,-0.008,1
1634328780806,460.6,-0.006,1
1634328781006,460.8,0.005,1
1634328781206,461.0,0.021,1
1634328781406,461.2,0.033,1
1634328781606,461.4,0.035,1
1634328781806,461.6,0.027,1
1634328782006,461.8,0.012,1
1634328782206,462.0,-0.002,1
1634328782406,462.2,-0.011,1
1634328782606,462.4,-0.014,1
1634328782806,462.6,-0.013,1
1634328783006,462.8,-0.009,1
1634328783206,463.0,-0.004,1
1634328783406,463.2,-0.001,1
1634328783606,463.4,0.001,1
1634328783806,463.6,-0.0,1
1634328784006,463.8,-0.003,1
1634328784206,464.0,-0.007,1
1634328784406,464.2,-0.01,1
1634328784606,464.4,-0.012,1
1634328784806,464.6,-0.011,1
1634328785006,464.8,-0.007,1
1634328785206,465.0,-0.001,1
1634328785406,465.2,0.003,1
1634328785606,465.4,0.005,1
1634328785806,465.6,0.002,1
1634328786006,465.8,-0.003,1
1634328786206,466.0,-0.008,1
1634328786406,466.2,-0.011,1
1634328786606,466.4,-0.01,1
1634328786806,466.6,-0.006,1
1634328787006,466.8,-0.003,1
1634328787206,467.0,-0.002,1
1634328787406,467.2,-0.004,1
1634328787606,467.4,-0.01,1
1634328787806,467.6,-0.018,1
1634328788006,467.8,-0.025,1
1634328788206,468.0,-0.029,1
1634328788406,468.2,-0.028,1
1634328788606,468.4,-0.021,1
1634328788806,468.6,-0.008,1
1634328789006,468.8,0.006,1
1634328789206,469.0,0.014,1
1634328789406,469.2,0.013,1
1634328789606,469.4,0.003,1
1634328789806,469.6,-0.01,1
1634328790006,469.8,-0.02,1
1634328790206,470.0,-0.022,1
1634328790406,470.2,-0.019,1
1634328790606,470.4,-0.012,1
1634328790806,470.6,-0.005,1
1634328791006,470.8,0.002,1
1634328791206,471.0,0.007,1
1634328791406,471.2,0.006,1
1634328791606,471.4,-0.001,1
1634328791806,471.6,-0.011,1
1634328792006,471.8,-0.019,1
1634328792206,472.0,-0.022,1
1634328792406,472.2,-0.016,1
1634328792606,472.4,-0.006,1
1634328792806,472.6,0.007,1
1634328793006,472.8,0.015,1
1634328793206,473.0,0.018,1
1634328793406,473.2,0.016,1
1634328793606,473.4,0.009,1
1634328793806,473.6,0.003,1
1634328794006,473.8,-0.001,1
1634328794206,474.0,-0.001,1
1634328794406,474.2,0.002,1
1634328794606,474.4,0.009,1
1634328794806,474.6,0.018,1
1634328795006,474.8,0.026,1
1634328795206,475.0,0.028,1
1634328795406,475.2,0.022,1
1634328795606,475.4,0.01,1
1634328795806,475.6,-0.003,1
1634328796006,475.8,-0.011,1
1634328796206,476.0,-0.01,1
1634328796406,476.2,-0.004,1
1634328796606,476.4,0.005,1
1634328796806,476.6,0.012,1
1634328797006,476.8,0.016,1
1634328797206,477.0,0.015,1
1634328797406,477.2,0.011,1
1634328797606,477.4,0.003,1
1634328797806,477.6,-0.006,1
1634328798006,477.8,-0.011,1
1634328798206,478.0,-0.008,1
1634328798406,478.2,0.003,1
1634328798606,478.4,0.016,1
1634328798806,478.6,0.023,1
1634328799006,478.8,0.018,1
1634328799206,479.0,0.003,1
1634328799406,479.2,-0.014,1
1634328799606,479.4,-0.023,1
1634328799806,479.6,-0.02,1
1634328800006,479.8,-0.005,1
1634328800206,480.0,0.015,1
1634328800406,480.2,0.03,1
1634328800606,480.4,0.036,1
1634328800806,480.6,0.031,1
1634328801006,480.8,0.019,1
1634328801206,481.0,0.006,1
1634328801406,481.2,-0.003,1
1634328801606,481.4,-0.005,1
1634328801806,481.6,-0.001,1
1634328802006,481.8,0.008,1
1634328802206,482.0,0.016,1
1634328802406,482.2,0.02,1
1634328802606,482.4,0.017,1
1634328802806,482.6,0.01,1
1634328803006,482.8,-0.001,1
1634328803206,483.0,-0.011,1
1634328803406,483.2,-0.017,1
1634328803606,483.4,-0.019,1
1634328803806,483.6,-0.016,1
1634328804006,483.8,-0.009,1
1634328804206,484.0,0.0,1
1634328804406,484.2,0.007,1
1634328804606,484.4,0.007,1
1634328804806,484.6,0.001,1
1634328805006,484.8,-0.011,1
1634328805206,485.0,-0.02,1
1634328805406,485.2,-0.023,1
1634328805606,485.4,-0.016,1
1634328805806,485.6,-0.005,1
1634328806006,485.8,0.005,1
1634328806206,486.0,0.007,1
1634328806406,486.2,0.001,1
1634328806606,486.4,-0.01,1
1634328806806,486.6,-0.021,1
1634328807006,486.8,-0.028,1
1634328807206,487.0,-0.028,1
1634328807406,487.2,-0.021,1
1634328807606,487.4,-0.009,1
1634328807806,487.6,0.006,1
1634328808006,487.8,0.017,1
1634328808206,488.0,0.02,1
1634328808406,488.2,0.012,1
1634328808606,488.4,-0.003,1
1634328808806,488.6,-0.017,1
1634328809006,488.8,-0.024,1
1634328809206,489.0,-0.021,1
1634328809406,489.2,-0.012,1
1634328809606,489.4,-0.002,1
1634328809806,489.6,0.004,1
1634328810006,489.8,0.004,1
1634328810206,490.0,-0.0,1
1634328810406,490.2,-0.009,1
1634328810606,490.4,-0.018,1
1634328810806,490.6,-0.026,1
1634328811006,490.8,-0.029,1
1634328811206,491.0,-0.025,1
1634328811406,491.2,-0.015,1
1634328811606,491.4,-0.002,1
1634328811806,491.6,0.008,1
1634328812006,491.8,0.01,1
1634328812206,492.0,0.006,1
1634328812406,492.2,-0.002,1
1634328812606,492.4,-0.007,1
1634328812806,492.6,-0.006,1
1634328813006,492.8,0.002,1
1634328813206,493.0,0.014,1
1634328813406,493.2,0.025,1
1634328813606,493.4,0.03,1
1634328813806,493.6,0.025,1
1634328814006,493.8,0.011,1
1634328814206,494.0,-0.004,1
1634328814406,494.2,-0.015,1
1634328814606,494.4,-0.016,1
1634328814806,494.6,-0.009,1
1634328815006,494.8,0.001,1
1634328815206,495.0,0.009,1
1634328815406,495.2,0.012,1
1634328815606,495.4,0.009,1
1634328815806,495.6,0.002,1
1634328816006,495.8,-0.007,1
1634328816206,496.0,-0.013,1
1634328816406,496.2,-0.014,1
1634328816606,496.4,-0.005,1
1634328816806,496.6,0.013,1
1634328817006,496.8,0.033,1
1634328817206,497.0,0.045,1
1634328817406,497.2,0.041,1
1634328817606,497.4,0.023,1
1634328817806,497.6,0.001,1
1634328818006,497.8,-0.013,1
1634328818206,498.0,-0.012,1
1634328818406,498.2,0.0,1
1634328818606,498.4,0.017,1
1634328818806,498.6,0.027,1
1634328819006,498.8,0.029,1
1634328819206,499.0,0.022,1
1634328819406,499.2,0.011,1
1634328819606,499.4,-0.001,1
1634328819806,499.6,-0.011,1
1634328820006,499.8,-0.017,1
1634328820206,500.0,-0.018,1
1634328820406,500.2,-0.013,1
1634328820606,500.4,-0.002,1
1634328820806,500.6,0.009,1
1634328821006,500.8,0.016,1
1634328821206,501.0,0.014,1
1634328821406,501.2,0.005,1
1634328821606,501.4,-0.006,1
1634328821806,501.6,-0.012,1
1634328822006,501.8,-0.008,1
1634328822206,502.0,0.006,1
1634328822406,502.2,0.023,1
1634328822606,502.4,0.035,1
1634328822806,502.6,0.035,1
1634328823006,502.8,0.021,1
1634328823206,503.0,-0.002,1
1634328823406,503.2,-0.023,1
1634328823606,503.4,-0.032,1
1634328823806,503.6,-0.024,1
1634328824006,503.8,-0.004,1
1634328824206,504.0,0.018,1
1634328824406,504.2,0.028,1
1634328824606,504.4,0.021,1
1634328824806,504.6,0.002,1
1634328825006,504.8,-0.021,1
1634328825206,505.0,-0.035,1
1634328825406,505.2,-0.037,1
1634328825606,505.4,-0.026,1
1634328825806,505.6,-0.009,1
1634328826006,505.8,0.006,1
1634328826206,506.0,0.014,1
1634328826406,506.2,0.013,1
1634328826606,506.4,0.004,1
1634328826806,506.6,-0.008,1
1634328827006,506.8,-0.018,1
1634328827206,507.0,-0.023,1
1634328827406,507.2,-0.024,1
1634328827606,507.4,-0.021,1
1634328827806,507.6,-0.017,1
1634328828006,507.8,-0.014,1
1634328828206,508.0,-0.013,1
1634328828406,508.2,-0.013,1
1634328828606,508.4,-0.017,1
1634328828806,508.6,-0.021,1
1634328829006,508.8,-0.024,1
1634328829206,509.0,-0.021,1
1634328829406,509.2,-0.011,1
1634328829606,509.4,0.004,1
1634328829806,509.6,0.017,1
1634328830006,509.8,0.024,1
1634328830206,510.0,0.019,1
1634328830406,510.2,0.005,1
1634328830606,510.4,-0.012,1
1634328830806,510.6,-0.022,1
1634328831006,510.8,-0.018,1
1634328831206,511.0,-0.002,1
1634328831406,511.2,0.019,1
1634328831606,511.4,0.031,1
1634328831806,511.6,0.029,1
1634328832006,511.8,0.014,1
1634328832206,512.0,-0.006,1
1634328832406,512.2,-0.02,1
1634328832606,512.4,-0.024,1
1634328832806,512.6,-0.019,1
1634328833006,512.8,-0.01,1
1634328833206,513.0,0.001,1
1634328833406,513.2,0.009,1
1634328833606,513.4,0.013,1
1634328833806,513.6,0.012,1
1634328834006,513.8,0.005,1
1634328834206,514.0,-0.005,1
1634328834406,514.2,-0.013,1
1634328834606,514.4,-0.015,1
1634328834806,514.6,-0.009,1
1634328835006,514.8,0.001,1
1634328835206,515.0,0.008,1
1634328835406,515.2,0.012,1
1634328835606,515.4,0.011,1
1634328835806,515.6,0.008,1
1634328836006,515.8,0.003,1
1634328836206,516.0,-0.002,1
1634328836406,516.2,-0.006,1
1634328836606,516.4,-0.005,1
1634328836806,516.6,0.003,1
1634328837006,516.8,0.016,1
1634328837206,517.0,0.027,1
1634328837406,517.2,0.027,1
1634328837606,517.4,0.015,1
1634328837806,517.6,-0.005,1
1634328838006,517.8,-0.021,1
1634328838206,518.0,-0.024,1
1634328838406,518.2,-0.013,1
1634328838606,518.4,0.006,1
1634328838806,518.6,0.023,1
1634328839006,518.8,0.032,1
1634328839206,519.0,0.029,1
1634328839406,519.2,0.017,1
1634328839606,519.4,0.004,1
1634328839806,519.6,-0.003,1
1634328840006,519.8,0.002,1
1634328840206,520.0,0.017,1
1634328840406,520.2,0.034,1
1634328840606,520.4,0.043,1
1634328840806,520.6,0.039,1
1634328841006,520.8,0.025,1
1634328841206,521.0,0.009,1
1634328841406,521.2,-0.0,1
1634328841606,521.4,-0.001,1
1634328841806,521.6,0.005,1
1634328842006,521.8,0.01,1
1634328842206,522.0,0.011,1
1634328842406,522.2,0.006,1
1634328842606,522.4,-0.003,1
1634328842806,522.6,-0.013,1
1634328843006,522.8,-0.02,1
1634328843206,523.0,-0.02,1
1634328843406,523.2,-0.013,1
1634328843606,523.4,-0.004,1
1634328843806,523.6,0.002,1
1634328844006,523.8,0.003,1
1634328844206,524.0,-0.004,1
1634328844406,524.2,-0.013,1
1634328844606,524.4,-0.023,1
1634328844806,524.6,-0.031,1
1634328845006,524.8,-0.034,1
1634328845206,525.0,-0.03,1
1634328845406,525.2,-0.019,1
1634328845606,525.4,-0.004,1
1634328845806,525.6,0.007,1
1634328846006,525.8,0.007,1
1634328846206,526.0,-0.005,1
1634328846406,526.2,-0.021,1
1634328846606,526.4,-0.03,1
1634328846806,526.6,-0.026,1
1634328847006,526.8,-0.011,1
1634328847206,527.0,0.006,1
1634328847406,527.2,0.016,1
1634328847606,527.4,0.015,0
1634328847806,527.6,0.006,0
1634328848006,527.8,-0.004,0
1634328848206,528.0,-0.012,0
1634328848406,528.2,-0.013,0
1634328848606,528.4,-0.009,0
1634328848806,528.6,-0.002,0
1634328849006,528.8,0.004,0
1634328849206,529.0,0.005,0
1634328849406,529.2,0.0,0
1634328849606,529.4,-0.007,0
1634328849806,529.6,-0.011,0
1634328850006,529.8,-0.01,0
1634328850206,530.0,-0.004,0
1634328850406,530.2,0.003,0
1634328850606,530.4,0.008,0
1634328850806,530.6,0.009,0
1634328851006,530.8,0.008,0
1634328851206,531.0,0.006,0
1634328851406,531.2,0.001,0
1634328851606,531.4,-0.007,0
1634328851806,531.6,-0.014,0
1634328852006,531.8,-0.016,0
1634328852206,532.0,-0.011,0
1634328852406,532.2,-0.002,0
1634328852606,532.4,0.007,0
1634328852806,532.6,0.009,0
1634328853006,532.8,0.005,0
1634328853206,533.0,-0.002,0
1634328853406,533.2,-0.007,0
1634328853606,533.4,-0.009,0
1634328853806,533.6,-0.006,0
1634328854006,533.8,-0.002,0
1634328854206,534.0,0.003,0
1634328854406,534.2,0.006,0
1634328854606,534.4,0.005,0
1634328854806,534.6,0.0,0
1634328855006,534.8,-0.006,0
1634328855206,535.0,-0.011,0
1634328855406,535.2,-0.009,0
1634328855606,535.4,-0.004,0
1634328855806,535.6,0.003,0
1634328856006,535.8,0.007,0
1634328856206,536.0,0.008,0
1634328856406,536.2,0.005,0
1634328856606,536.4,-0.0,0
1634328856806,536.6,-0.005,0
1634328857006,536.8,-0.008,0
1634328857206,537.0,-0.006,0
1634328857406,537.2,0.002,0
1634328857606,537.4,0.013,0
1634328857806,537.6,0.02,0
1634328858006,537.8,0.021,0
1634328858206,538.0,0.015,0
1634328858406,538.2,0.008,0
1634328858606,538.4,0.005,0
1634328858806,538.6,0.006,0
1634328859006,538.8,0.012,0
1634328859206,539.0,0.017,0
1634328859406,539.2,0.021,0
1634328859606,539.4,0.023,0
1634328859806,539.6,0.023,0
1634328860006,539.8,0.022,0
1634328860206,540.0,0.02,0
1634328860406,540.2,0.019,0
1634328860606,540.4,0.021,0
1634328860806,540.6,0.026,0
1634328861006,540.8,0.029,0
1634328861206,541.0,0.026,0
1634328861406,541.2,0.018,0
1634328861606,541.4,0.007,0
1634328861806,541.6,-0.001,0
1634328862006,541.8,-0.004,0
1634328862206,542.0,-0.002,0
1634328862406,542.2,0.0,0
1634328862606,542.4,0.001,0
1634328862806,542.6,-0.002,0
1634328863006,542.8,-0.005,0
1634328863206,543.0,-0.01,0
1634328863406,543.2,-0.015,0
1634328863606,543.4,-0.021,0
1634328863806,543.6,-0.026,0
1634328864006,543.8,-0.027,0
1634328864206,544.0,-0.024,0
1634328864406,544.2,-0.017,0
1634328864606,544.4,-0.01,0
1634328864806,544.6,-0.005,0
1634328865006,544.8,-0.005,0
1634328865206,545.0,-0.009,0
1634328865406,545.2,-0.015,0
1634328865606,545.4,-0.02,0
1634328865806,545.6,-0.024,0
1634328866006,545.8,-0.024,0
1634328866206,546.0,-0.021,0
1634328866406,546.2,-0.016,0
1634328866606,546.4,-0.013,0
1634328866806,546.6,-0.01,0
1634328867006,546.8,-0.009,0
1634328867206,547.0,-0.008,0
1634328867406,547.2,-0.006,0
1634328867606,547.4,-0.003,0
1634328867806,547.6,0.0,0
1634328868006,547.8,0.003,0
1634328868206,548.0,0.005,0
1634328868406,548.2,0.006,0
1634328868606,548.4,0.006,0
1634328868806,548.6,0.005,0
1634328869006,548.8,0.005,0
1634328869206,549.0,0.007,0
1634328869406,549.2,0.012,0
1634328869606,549.4,0.016,0
1634328869806,549.6,0.015,0
1634328870006,549.8,0.008,0
1634328870206,550.0,-0.003,0
1634328870406,550.2,-0.013,0
1634328870606,550.4,-0.018,0
1634328870806,550.6,-0.016,0
1634328871006,550.8,-0.009,0
1634328871206,551.0,-0.001,0
1634328871406,551.2,0.004,0
1634328871606,551.4,0.005,0
1634328871806,551.6,0.003,0
1634328872006,551.8,-0.0,0
1634328872206,552.0,-0.002,0
1634328872406,552.2,-0.001,0
1634328872606,552.4,0.002,0
1634328872806,552.6,0.004,0
1634328873006,552.8,0.006,0
1634328873206,553.0,0.006,0
1634328873406,553.2,0.003,0
1634328873606,553.4,-0.004,0
1634328873806,553.6,-0.014,0
1634328874006,553.8,-0.024,0
1634328874206,554.0,-0.028,0
1634328874406,554.2,-0.022,0
1634328874606,554.4,-0.008,0
1634328874806,554.6,0.005,0
1634328875006,554.8,0.007,0
1634328875206,555.0,-0.002,0
1634328875406,555.2,-0.014,0
1634328875606,555.4,-0.021,0
1634328875806,555.6,-0.018,0
1634328876006,555.8,-0.007,0
1634328876206,556.0,0.005,0
1634328876406,556.2,0.013,0
1634328876606,556.4,0.016,0
1634328876806,556.6,0.017,0
1634328877006,556.8,0.015,0
1634328877206,557.0,0.012,0
1634328877406,557.2,0.01,0
1634328877606,557.4,0.012,0
1634328877806,557.6,0.017,0
1634328878006,557.8,0.021,0
1634328878206,558.0,0.022,0
1634328878406,558.2,0.017,0
1634328878606,558.4,0.01,0
1634328878806,558.6,0.008,0
1634328879006,558.8,0.012,0
1634328879206,559.0,0.02,0
1634328879406,559.2,0.029,0
1634328879606,559.4,0.034,0
1634328879806,559.6,0.033,0
